-- MariaDB dump 10.19  Distrib 10.5.23-MariaDB, for Linux (x86_64)
--
-- Host: localhost    Database: dbgjsjwvd65pb3
-- ------------------------------------------------------
-- Server version	5.7.44-48-log

/*!40101 SET @OLD_CHARACTER_SET_CLIENT=@@CHARACTER_SET_CLIENT */;
/*!40101 SET @OLD_CHARACTER_SET_RESULTS=@@CHARACTER_SET_RESULTS */;
/*!40101 SET @OLD_COLLATION_CONNECTION=@@COLLATION_CONNECTION */;
/*!40101 SET NAMES utf8mb4 */;
/*!40103 SET @OLD_TIME_ZONE=@@TIME_ZONE */;
/*!40103 SET TIME_ZONE='+00:00' */;
/*!40014 SET @OLD_UNIQUE_CHECKS=@@UNIQUE_CHECKS, UNIQUE_CHECKS=0 */;
/*!40014 SET @OLD_FOREIGN_KEY_CHECKS=@@FOREIGN_KEY_CHECKS, FOREIGN_KEY_CHECKS=0 */;
/*!40101 SET @OLD_SQL_MODE=@@SQL_MODE, SQL_MODE='NO_AUTO_VALUE_ON_ZERO' */;
/*!40111 SET @OLD_SQL_NOTES=@@SQL_NOTES, SQL_NOTES=0 */;

--
-- Table structure for table `tbl_admin`
--

DROP TABLE IF EXISTS `tbl_admin`;
/*!40101 SET @saved_cs_client     = @@character_set_client */;
/*!40101 SET character_set_client = utf8 */;
CREATE TABLE `tbl_admin` (
  `id` int(11) NOT NULL AUTO_INCREMENT,
  `first_name` varchar(100) NOT NULL,
  `last_name` varchar(100) NOT NULL,
  `email_id` varchar(100) NOT NULL,
  `password` varchar(255) NOT NULL,
  `type` enum('admin','subadmin') NOT NULL,
  `status` enum('Active','Inactive','Pending') NOT NULL,
  `created_date` datetime NOT NULL DEFAULT CURRENT_TIMESTAMP,
  `updated_date` datetime NOT NULL DEFAULT CURRENT_TIMESTAMP ON UPDATE CURRENT_TIMESTAMP,
  PRIMARY KEY (`id`)
) ENGINE=InnoDB AUTO_INCREMENT=3 DEFAULT CHARSET=latin1;
/*!40101 SET character_set_client = @saved_cs_client */;

--
-- Dumping data for table `tbl_admin`
--

LOCK TABLES `tbl_admin` WRITE;
/*!40000 ALTER TABLE `tbl_admin` DISABLE KEYS */;
INSERT INTO `tbl_admin` VALUES (1,'Super','Admin','admin@gmail.com','c93ccd78b2076528346216b3b2f701e6','admin','Active','2018-06-22 11:26:06','2020-09-03 10:35:03'),(2,'Sub','Admin','subadmin@gmail.com','16d7a4fca7442dda3ad93c9a726597e4','subadmin','Active','2018-06-23 07:27:02','2020-08-01 04:36:31');
/*!40000 ALTER TABLE `tbl_admin` ENABLE KEYS */;
UNLOCK TABLES;

--
-- Table structure for table `tbl_billing_info`
--

DROP TABLE IF EXISTS `tbl_billing_info`;
/*!40101 SET @saved_cs_client     = @@character_set_client */;
/*!40101 SET character_set_client = utf8 */;
CREATE TABLE `tbl_billing_info` (
  `id` int(11) NOT NULL AUTO_INCREMENT,
  `user_id` int(11) NOT NULL,
  `first_name` varchar(100) NOT NULL,
  `last_name` varchar(100) NOT NULL,
  `address1` varchar(255) NOT NULL,
  `addres2` varchar(255) NOT NULL,
  `city` varchar(100) NOT NULL,
  `county` int(11) NOT NULL,
  `state` varchar(100) NOT NULL,
  `zip_code` varchar(100) NOT NULL,
  `phone_no` varchar(100) NOT NULL,
  `created_date` datetime NOT NULL DEFAULT CURRENT_TIMESTAMP,
  `updated_date` datetime NOT NULL DEFAULT CURRENT_TIMESTAMP ON UPDATE CURRENT_TIMESTAMP,
  PRIMARY KEY (`id`)
) ENGINE=MyISAM AUTO_INCREMENT=48 DEFAULT CHARSET=latin1;
/*!40101 SET character_set_client = @saved_cs_client */;

--
-- Dumping data for table `tbl_billing_info`
--

LOCK TABLES `tbl_billing_info` WRITE;
/*!40000 ALTER TABLE `tbl_billing_info` DISABLE KEYS */;
INSERT INTO `tbl_billing_info` VALUES (1,1,'Jeff','Boskenn','2922  Vesta Drive','','Park Ridge',231,'Illinois','60068','773-714-5860','2018-07-31 06:28:24','2018-08-20 06:07:01'),(2,2,'alan','walker','123','123','new york',231,'NY','002211','1231-231-231','2018-08-02 00:57:20','2018-08-01 23:57:20'),(3,3,'Aron','Smith','58 E 11th St, New York, NY 10003, USA','58 E 11th St, New York, NY 10003, USA','new york',231,'New YORK','10003','0014-897-989','2018-08-02 05:15:21','2018-08-02 04:15:21'),(4,4,'Aron','smith','8132 Philmont St.  Brooklyn, NY 11206','8132 Philmont St.  Brooklyn, NY 11206','new york',231,'new york','11207','1547-862-659','2018-08-06 05:36:15','2018-08-06 04:36:15'),(27,10,'Michael','Danquah','15941 Harlem Ave, Ste 255','','Tinley Park',231,'IL','60477','708-497-9728','2018-12-12 18:40:59','2018-12-12 18:40:59'),(26,9,'Michael','Danquah','15941 Harlem Ave, Ste 255','ste 255','Tinley Park',231,'Illinois','60477','180-070-7255','2018-08-29 13:58:46','2020-08-02 03:34:22'),(25,8,'Jennifer','D','15941 Harlem Ave, Ste 255','','Tinley park',231,'Illinois','60477','423-946-8427','2018-08-18 18:57:26','2018-08-18 18:57:26'),(24,7,'Ronald',' Y Green','723  Pineview Drive','','Marks',231,'Mississippi','38646','507-976-1545','2018-08-12 23:45:46','2018-08-12 23:45:46'),(23,6,'Michael','Danquah','15941 Harlem Ave, Ste 255','','Matteson',231,'IL','60477','708-497-9728','2018-08-08 16:38:34','2019-03-31 07:23:49'),(22,5,'M ','D ','15941 S Harlem Ave','15941 S Harlem Ave, Suite 255','Tinley Park',231,'IL','60477','7084-979-728','2018-08-08 15:49:18','2018-08-08 15:49:18'),(28,11,'Mick','D','1111 South Ridge','','Chicago',231,'IL','60656','708-497-9728','2020-07-31 00:03:29','2020-07-31 05:03:29'),(29,13,'mprof','prof','15941 Harlem Ave, Ste 255','ste 255','Tinley Park',231,'Illinois','60477','180-070-7255','2020-08-02 00:23:41','2020-09-09 05:05:09'),(30,14,'Michael','Danquah','15941 Harlem Ave, Ste 255, ste 255','ste 255','Tinley Park',231,'Illinois','60477','800-707-2553','2020-08-03 00:03:52','2020-08-03 05:03:52'),(31,15,'Nick','Kurat','Blaine','','Blaine',231,'MN','360','111-111-1111','2020-08-18 06:16:28','2020-08-18 11:16:28'),(32,16,'david','mark','SuperAdmin2019fdssd','','sg SuperAdmin2019',231,'SuperAdmin2019','45','132-133-4546','2020-08-28 00:37:30','2020-08-28 05:37:30'),(33,17,'Michael','Danquah','15941 Harlem Ave, Ste 255','','Matteson',231,'IL','60477','708-497-9728','2020-09-07 09:09:51','2020-09-07 14:09:51'),(34,18,'Michael','Danquah','15941 Harlem Ave,, ste 255','ste 255','Tinley Park',231,'Illinois','60477','800-707-2553','2020-09-07 12:50:15','2020-09-07 17:51:01'),(35,19,'Michael','Danquah','906 Destiny Drive','','Matteson',231,'IL','60443','708-497-9728','2020-09-08 07:28:40','2020-09-08 12:28:40'),(36,20,'david','mark','SuperAdmin2019fdssd','ste 255','sg SuperAdmin2019',216,'SuperAdmin2019','45','123-254-7123','2020-09-09 04:44:28','2020-10-07 07:02:30'),(37,21,'james','noah','SuperAdmin2019fdssd','sasdas ','sg SuperAdmin2019',205,'SuperAdmin2019','45','123-423-2547','2020-09-16 05:33:10','2020-09-16 10:33:10'),(38,22,'test','one','SuperAdmin2019fdssd','456','sg SuperAdmin2019',216,'SuperAdmin2019','45','123-254-7___','2020-10-07 01:59:30','2020-10-07 06:59:30'),(39,23,'david','mark','SuperAdmin2019fdssd','sdf','sg SuperAdmin2019',216,'SuperAdmin2019','45','123-254-7___','2020-10-07 07:40:53','2020-10-07 12:40:53'),(40,24,'Michael','Danquah','9501 South King Drive','','Chicago',231,'Illinois','60628','708-497-9728','2020-10-07 10:29:05','2020-10-07 15:29:05'),(41,25,'Michael','Danquah','15941 Harlem Ave','ste 255','Tinley Park',231,'Illinois','60477','180-070-7255','2020-10-07 11:35:50','2020-10-07 16:37:02'),(42,26,'david','mark','SuperAdmin2019fdssd','fdsdf','sg SuperAdmin2019',216,'SuperAdmin2019','45','123-254-7___','2020-10-08 01:23:15','2020-10-08 06:23:15'),(43,27,'dfd','dg','fg','dfg','dfg',16,'dfg','342','432-3__-____','2020-10-09 07:09:02','2020-10-09 12:09:02'),(44,28,'t','tim','1121 calculations avenue','','Chicago',231,'IL','60628','708-112-5864','2020-10-12 13:43:25','2020-10-12 18:43:25'),(45,29,'r','robert','1151 Adams St.','','Naperville',231,'IL','60565','815-225-8512','2020-10-12 16:43:16','2020-10-12 21:43:16'),(46,30,'Eric','Showell','test','','NewYork',231,'california','22222','111-111-1111','2021-11-15 11:38:54','2021-11-15 11:38:54'),(47,31,'student','p','1111 South Street','','Chicago',231,'IL','60606','234-123-3255','2021-11-17 20:57:33','2021-11-17 20:57:33');
/*!40000 ALTER TABLE `tbl_billing_info` ENABLE KEYS */;
UNLOCK TABLES;

--
-- Table structure for table `tbl_category`
--

DROP TABLE IF EXISTS `tbl_category`;
/*!40101 SET @saved_cs_client     = @@character_set_client */;
/*!40101 SET character_set_client = utf8 */;
CREATE TABLE `tbl_category` (
  `id` int(11) NOT NULL AUTO_INCREMENT,
  `slug` varchar(255) NOT NULL,
  `parent_id` int(11) NOT NULL,
  `category_name` varchar(255) NOT NULL,
  `created_by` int(11) NOT NULL,
  `status` enum('Active','Inactive') NOT NULL,
  `created_date` datetime NOT NULL DEFAULT CURRENT_TIMESTAMP,
  `updated_date` datetime NOT NULL DEFAULT CURRENT_TIMESTAMP ON UPDATE CURRENT_TIMESTAMP,
  PRIMARY KEY (`id`)
) ENGINE=InnoDB AUTO_INCREMENT=19 DEFAULT CHARSET=latin1;
/*!40101 SET character_set_client = @saved_cs_client */;

--
-- Dumping data for table `tbl_category`
--

LOCK TABLES `tbl_category` WRITE;
/*!40000 ALTER TABLE `tbl_category` DISABLE KEYS */;
INSERT INTO `tbl_category` VALUES (1,'college-prep',0,'COLLEGE PREP',1,'Active','2018-07-31 04:10:22','2023-02-14 09:47:06'),(2,'pharmacy',0,'PHARMACY',1,'Active','2018-07-31 04:13:32','2023-02-14 09:48:24'),(3,'nursing',0,'NURSING',1,'Active','2018-07-31 04:13:46','2023-02-14 09:48:58'),(4,'medicine',0,'MEDICINE',1,'Active','2018-07-31 04:14:08','2023-02-14 09:49:08'),(5,'act',1,'ACT',1,'Active','2018-07-31 04:14:42','2023-02-14 10:07:39'),(6,'gre',1,'GRE',1,'Active','2018-07-31 04:14:56','2023-02-14 10:07:57'),(7,'sat',1,'SAT',1,'Active','2018-07-31 04:15:11','2023-02-14 10:08:04'),(8,'mcat',1,'MCAT',1,'Active','2018-07-31 04:15:22','2023-02-14 10:08:35'),(9,'pharmaceutical-calculations',2,'Pharmaceutical Calculations',1,'Active','2018-07-31 04:16:05','2023-02-14 10:08:45'),(10,'pcat',2,'PCAT',1,'Active','2018-07-31 04:16:19','2023-02-14 10:08:56'),(11,'ptce-1',2,'PTCE',1,'Active','2018-07-31 04:16:31','2023-02-15 10:52:26'),(12,'nclex-rn',3,'NCLEX-RN',1,'Active','2018-07-31 04:18:05','2023-02-15 10:52:34'),(13,'naplex',2,'NAPLEX',1,'Active','2018-07-31 04:18:19','2023-02-15 10:52:39'),(14,'usmle',4,'USMLE',1,'Active','2018-07-31 04:18:42','2023-02-15 10:52:44'),(16,'',2,' ',1,'Inactive','2018-07-31 18:52:49','2018-07-31 17:54:16'),(17,'test-1',0,'test',1,'Inactive','2023-02-14 10:03:12','2023-02-14 10:03:59'),(18,'new-test-1',0,'new test',1,'Inactive','2023-02-14 10:04:13','2023-02-15 10:54:33');
/*!40000 ALTER TABLE `tbl_category` ENABLE KEYS */;
UNLOCK TABLES;

--
-- Table structure for table `tbl_countries`
--

DROP TABLE IF EXISTS `tbl_countries`;
/*!40101 SET @saved_cs_client     = @@character_set_client */;
/*!40101 SET character_set_client = utf8 */;
CREATE TABLE `tbl_countries` (
  `id` int(11) NOT NULL AUTO_INCREMENT,
  `sortname` varchar(3) NOT NULL,
  `name` varchar(150) NOT NULL,
  `phonecode` int(11) NOT NULL,
  PRIMARY KEY (`id`)
) ENGINE=InnoDB AUTO_INCREMENT=247 DEFAULT CHARSET=utf8;
/*!40101 SET character_set_client = @saved_cs_client */;

--
-- Dumping data for table `tbl_countries`
--

LOCK TABLES `tbl_countries` WRITE;
/*!40000 ALTER TABLE `tbl_countries` DISABLE KEYS */;
INSERT INTO `tbl_countries` VALUES (1,'AF','Afghanistan',93),(2,'AL','Albania',355),(3,'DZ','Algeria',213),(4,'AS','American Samoa',1684),(5,'AD','Andorra',376),(6,'AO','Angola',244),(7,'AI','Anguilla',1264),(8,'AQ','Antarctica',0),(9,'AG','Antigua And Barbuda',1268),(10,'AR','Argentina',54),(11,'AM','Armenia',374),(12,'AW','Aruba',297),(13,'AU','Australia',61),(14,'AT','Austria',43),(15,'AZ','Azerbaijan',994),(16,'BS','Bahamas The',1242),(17,'BH','Bahrain',973),(18,'BD','Bangladesh',880),(19,'BB','Barbados',1246),(20,'BY','Belarus',375),(21,'BE','Belgium',32),(22,'BZ','Belize',501),(23,'BJ','Benin',229),(24,'BM','Bermuda',1441),(25,'BT','Bhutan',975),(26,'BO','Bolivia',591),(27,'BA','Bosnia and Herzegovina',387),(28,'BW','Botswana',267),(29,'BV','Bouvet Island',0),(30,'BR','Brazil',55),(31,'IO','British Indian Ocean Territory',246),(32,'BN','Brunei',673),(33,'BG','Bulgaria',359),(34,'BF','Burkina Faso',226),(35,'BI','Burundi',257),(36,'KH','Cambodia',855),(37,'CM','Cameroon',237),(38,'CA','Canada',1),(39,'CV','Cape Verde',238),(40,'KY','Cayman Islands',1345),(41,'CF','Central African Republic',236),(42,'TD','Chad',235),(43,'CL','Chile',56),(44,'CN','China',86),(45,'CX','Christmas Island',61),(46,'CC','Cocos (Keeling) Islands',672),(47,'CO','Colombia',57),(48,'KM','Comoros',269),(49,'CG','Republic Of The Congo',242),(50,'CD','Democratic Republic Of The Congo',242),(51,'CK','Cook Islands',682),(52,'CR','Costa Rica',506),(53,'CI','Cote D\'Ivoire (Ivory Coast)',225),(54,'HR','Croatia (Hrvatska)',385),(55,'CU','Cuba',53),(56,'CY','Cyprus',357),(57,'CZ','Czech Republic',420),(58,'DK','Denmark',45),(59,'DJ','Djibouti',253),(60,'DM','Dominica',1767),(61,'DO','Dominican Republic',1809),(62,'TP','East Timor',670),(63,'EC','Ecuador',593),(64,'EG','Egypt',20),(65,'SV','El Salvador',503),(66,'GQ','Equatorial Guinea',240),(67,'ER','Eritrea',291),(68,'EE','Estonia',372),(69,'ET','Ethiopia',251),(70,'XA','External Territories of Australia',61),(71,'FK','Falkland Islands',500),(72,'FO','Faroe Islands',298),(73,'FJ','Fiji Islands',679),(74,'FI','Finland',358),(75,'FR','France',33),(76,'GF','French Guiana',594),(77,'PF','French Polynesia',689),(78,'TF','French Southern Territories',0),(79,'GA','Gabon',241),(80,'GM','Gambia The',220),(81,'GE','Georgia',995),(82,'DE','Germany',49),(83,'GH','Ghana',233),(84,'GI','Gibraltar',350),(85,'GR','Greece',30),(86,'GL','Greenland',299),(87,'GD','Grenada',1473),(88,'GP','Guadeloupe',590),(89,'GU','Guam',1671),(90,'GT','Guatemala',502),(91,'XU','Guernsey and Alderney',44),(92,'GN','Guinea',224),(93,'GW','Guinea-Bissau',245),(94,'GY','Guyana',592),(95,'HT','Haiti',509),(96,'HM','Heard and McDonald Islands',0),(97,'HN','Honduras',504),(98,'HK','Hong Kong S.A.R.',852),(99,'HU','Hungary',36),(100,'IS','Iceland',354),(101,'IN','India',91),(102,'ID','Indonesia',62),(103,'IR','Iran',98),(104,'IQ','Iraq',964),(105,'IE','Ireland',353),(106,'IL','Israel',972),(107,'IT','Italy',39),(108,'JM','Jamaica',1876),(109,'JP','Japan',81),(110,'XJ','Jersey',44),(111,'JO','Jordan',962),(112,'KZ','Kazakhstan',7),(113,'KE','Kenya',254),(114,'KI','Kiribati',686),(115,'KP','Korea North',850),(116,'KR','Korea South',82),(117,'KW','Kuwait',965),(118,'KG','Kyrgyzstan',996),(119,'LA','Laos',856),(120,'LV','Latvia',371),(121,'LB','Lebanon',961),(122,'LS','Lesotho',266),(123,'LR','Liberia',231),(124,'LY','Libya',218),(125,'LI','Liechtenstein',423),(126,'LT','Lithuania',370),(127,'LU','Luxembourg',352),(128,'MO','Macau S.A.R.',853),(129,'MK','Macedonia',389),(130,'MG','Madagascar',261),(131,'MW','Malawi',265),(132,'MY','Malaysia',60),(133,'MV','Maldives',960),(134,'ML','Mali',223),(135,'MT','Malta',356),(136,'XM','Man (Isle of)',44),(137,'MH','Marshall Islands',692),(138,'MQ','Martinique',596),(139,'MR','Mauritania',222),(140,'MU','Mauritius',230),(141,'YT','Mayotte',269),(142,'MX','Mexico',52),(143,'FM','Micronesia',691),(144,'MD','Moldova',373),(145,'MC','Monaco',377),(146,'MN','Mongolia',976),(147,'MS','Montserrat',1664),(148,'MA','Morocco',212),(149,'MZ','Mozambique',258),(150,'MM','Myanmar',95),(151,'NA','Namibia',264),(152,'NR','Nauru',674),(153,'NP','Nepal',977),(154,'AN','Netherlands Antilles',599),(155,'NL','Netherlands The',31),(156,'NC','New Caledonia',687),(157,'NZ','New Zealand',64),(158,'NI','Nicaragua',505),(159,'NE','Niger',227),(160,'NG','Nigeria',234),(161,'NU','Niue',683),(162,'NF','Norfolk Island',672),(163,'MP','Northern Mariana Islands',1670),(164,'NO','Norway',47),(165,'OM','Oman',968),(166,'PK','Pakistan',92),(167,'PW','Palau',680),(168,'PS','Palestinian Territory Occupied',970),(169,'PA','Panama',507),(170,'PG','Papua new Guinea',675),(171,'PY','Paraguay',595),(172,'PE','Peru',51),(173,'PH','Philippines',63),(174,'PN','Pitcairn Island',0),(175,'PL','Poland',48),(176,'PT','Portugal',351),(177,'PR','Puerto Rico',1787),(178,'QA','Qatar',974),(179,'RE','Reunion',262),(180,'RO','Romania',40),(181,'RU','Russia',70),(182,'RW','Rwanda',250),(183,'SH','Saint Helena',290),(184,'KN','Saint Kitts And Nevis',1869),(185,'LC','Saint Lucia',1758),(186,'PM','Saint Pierre and Miquelon',508),(187,'VC','Saint Vincent And The Grenadines',1784),(188,'WS','Samoa',684),(189,'SM','San Marino',378),(190,'ST','Sao Tome and Principe',239),(191,'SA','Saudi Arabia',966),(192,'SN','Senegal',221),(193,'RS','Serbia',381),(194,'SC','Seychelles',248),(195,'SL','Sierra Leone',232),(196,'SG','Singapore',65),(197,'SK','Slovakia',421),(198,'SI','Slovenia',386),(199,'XG','Smaller Territories of the UK',44),(200,'SB','Solomon Islands',677),(201,'SO','Somalia',252),(202,'ZA','South Africa',27),(203,'GS','South Georgia',0),(204,'SS','South Sudan',211),(205,'ES','Spain',34),(206,'LK','Sri Lanka',94),(207,'SD','Sudan',249),(208,'SR','Suriname',597),(209,'SJ','Svalbard And Jan Mayen Islands',47),(210,'SZ','Swaziland',268),(211,'SE','Sweden',46),(212,'CH','Switzerland',41),(213,'SY','Syria',963),(214,'TW','Taiwan',886),(215,'TJ','Tajikistan',992),(216,'TZ','Tanzania',255),(217,'TH','Thailand',66),(218,'TG','Togo',228),(219,'TK','Tokelau',690),(220,'TO','Tonga',676),(221,'TT','Trinidad And Tobago',1868),(222,'TN','Tunisia',216),(223,'TR','Turkey',90),(224,'TM','Turkmenistan',7370),(225,'TC','Turks And Caicos Islands',1649),(226,'TV','Tuvalu',688),(227,'UG','Uganda',256),(228,'UA','Ukraine',380),(229,'AE','United Arab Emirates',971),(230,'GB','United Kingdom',44),(231,'US','United States',1),(232,'UM','United States Minor Outlying Islands',1),(233,'UY','Uruguay',598),(234,'UZ','Uzbekistan',998),(235,'VU','Vanuatu',678),(236,'VA','Vatican City State (Holy See)',39),(237,'VE','Venezuela',58),(238,'VN','Vietnam',84),(239,'VG','Virgin Islands (British)',1284),(240,'VI','Virgin Islands (US)',1340),(241,'WF','Wallis And Futuna Islands',681),(242,'EH','Western Sahara',212),(243,'YE','Yemen',967),(244,'YU','Yugoslavia',38),(245,'ZM','Zambia',260),(246,'ZW','Zimbabwe',263);
/*!40000 ALTER TABLE `tbl_countries` ENABLE KEYS */;
UNLOCK TABLES;

--
-- Table structure for table `tbl_demouser`
--

DROP TABLE IF EXISTS `tbl_demouser`;
/*!40101 SET @saved_cs_client     = @@character_set_client */;
/*!40101 SET character_set_client = utf8 */;
CREATE TABLE `tbl_demouser` (
  `id` int(11) NOT NULL AUTO_INCREMENT,
  `ip_address` double NOT NULL,
  `start_date` date NOT NULL,
  `expiry_date` date NOT NULL,
  `status` enum('Active','Inactive') NOT NULL,
  `created_date` datetime NOT NULL DEFAULT CURRENT_TIMESTAMP,
  `updated_date` datetime NOT NULL DEFAULT CURRENT_TIMESTAMP ON UPDATE CURRENT_TIMESTAMP,
  PRIMARY KEY (`id`)
) ENGINE=InnoDB DEFAULT CHARSET=latin1;
/*!40101 SET character_set_client = @saved_cs_client */;

--
-- Dumping data for table `tbl_demouser`
--

LOCK TABLES `tbl_demouser` WRITE;
/*!40000 ALTER TABLE `tbl_demouser` DISABLE KEYS */;
/*!40000 ALTER TABLE `tbl_demouser` ENABLE KEYS */;
UNLOCK TABLES;

--
-- Table structure for table `tbl_discounts`
--

DROP TABLE IF EXISTS `tbl_discounts`;
/*!40101 SET @saved_cs_client     = @@character_set_client */;
/*!40101 SET character_set_client = utf8 */;
CREATE TABLE `tbl_discounts` (
  `id` int(11) NOT NULL AUTO_INCREMENT,
  `category_id` int(11) NOT NULL,
  `package_id` int(11) NOT NULL,
  `coupon` varchar(100) NOT NULL,
  `discount` varchar(100) NOT NULL,
  `expiry_date` date NOT NULL,
  `status` enum('Active','Inactive') NOT NULL,
  `created_date` datetime NOT NULL,
  `updated_date` datetime NOT NULL DEFAULT CURRENT_TIMESTAMP ON UPDATE CURRENT_TIMESTAMP,
  PRIMARY KEY (`id`)
) ENGINE=InnoDB AUTO_INCREMENT=3 DEFAULT CHARSET=latin1;
/*!40101 SET character_set_client = @saved_cs_client */;

--
-- Dumping data for table `tbl_discounts`
--

LOCK TABLES `tbl_discounts` WRITE;
/*!40000 ALTER TABLE `tbl_discounts` DISABLE KEYS */;
INSERT INTO `tbl_discounts` VALUES (1,5,1,'9ht5h05ikl','100','2020-08-08','Active','2018-07-31 06:29:18','2020-08-02 05:36:38'),(2,9,13,'f9o69omfa5','99','2020-10-14','Active','2018-12-12 18:36:54','2020-10-07 16:32:03');
/*!40000 ALTER TABLE `tbl_discounts` ENABLE KEYS */;
UNLOCK TABLES;

--
-- Table structure for table `tbl_options`
--

DROP TABLE IF EXISTS `tbl_options`;
/*!40101 SET @saved_cs_client     = @@character_set_client */;
/*!40101 SET character_set_client = utf8 */;
CREATE TABLE `tbl_options` (
  `id` int(11) NOT NULL AUTO_INCREMENT,
  `question_id` int(11) NOT NULL,
  `answer_value` text NOT NULL,
  `status` enum('Active','Inactive') NOT NULL,
  `created_by` int(11) NOT NULL,
  `created_date` datetime NOT NULL DEFAULT CURRENT_TIMESTAMP,
  `updated_date` datetime NOT NULL DEFAULT CURRENT_TIMESTAMP ON UPDATE CURRENT_TIMESTAMP,
  PRIMARY KEY (`id`)
) ENGINE=InnoDB AUTO_INCREMENT=379 DEFAULT CHARSET=latin1;
/*!40101 SET character_set_client = @saved_cs_client */;

--
-- Dumping data for table `tbl_options`
--

LOCK TABLES `tbl_options` WRITE;
/*!40000 ALTER TABLE `tbl_options` DISABLE KEYS */;
INSERT INTO `tbl_options` VALUES (129,16,'2','Active',1,'2020-10-07 10:47:37','2020-10-07 15:47:37'),(130,17,'0.15','Active',1,'2020-10-07 10:48:16','2020-10-07 15:48:16'),(131,18,'125','Active',1,'2020-10-07 10:49:26','2020-10-07 15:52:35'),(158,26,'12','Active',1,'2020-10-09 07:27:59','2020-10-09 12:27:59'),(159,26,'13','Active',1,'2020-10-09 07:27:59','2020-10-09 12:27:59'),(160,26,'5','Active',1,'2020-10-09 07:27:59','2020-10-09 12:27:59'),(161,26,'0.15','Active',1,'2020-10-09 07:27:59','2020-10-09 12:27:59'),(162,27,'2test','Active',1,'2020-10-09 07:30:48','2020-10-09 12:30:48'),(163,28,'125','Active',1,'2020-10-09 07:32:20','2020-10-09 12:32:20'),(164,29,'2','Active',1,'2020-10-09 07:38:32','2020-10-09 12:38:32'),(165,30,'0.15','Active',1,'2020-10-09 07:38:56','2020-10-09 12:38:56'),(166,31,'125','Active',1,'2020-10-09 07:39:15','2020-10-09 12:39:15'),(167,32,'125','Active',1,'2020-10-09 07:43:31','2020-10-09 12:43:31'),(168,33,'126','Active',1,'2020-10-09 07:44:11','2020-10-09 12:44:11'),(169,34,'126','Active',1,'2020-10-09 07:45:46','2020-10-09 12:45:46'),(170,35,'757','Active',1,'2020-10-09 15:50:25','2020-10-09 20:50:25'),(171,36,'1.46','Active',1,'2020-10-09 17:55:45','2020-10-09 22:55:45'),(172,37,'3.1','Active',1,'2020-10-10 13:35:25','2020-10-10 18:35:25'),(173,38,'5.0','Active',1,'2020-10-10 13:35:57','2020-10-10 18:35:57'),(174,39,'13.50','Active',1,'2020-10-10 13:36:28','2020-10-10 18:36:28'),(175,40,'0.292','Active',1,'2020-10-10 13:37:00','2020-10-10 18:37:00'),(176,41,'3.0','Active',1,'2020-10-10 13:37:50','2020-10-10 18:37:50'),(177,42,'962','Active',1,'2020-10-10 13:38:39','2020-10-10 18:38:39'),(178,43,'167','Active',1,'2020-10-10 13:39:13','2020-10-10 18:39:13'),(179,44,'180','Active',1,'2020-10-10 13:40:31','2020-10-10 18:40:31'),(180,45,'3.6','Active',1,'2020-10-10 13:40:54','2020-10-10 18:40:54'),(181,46,'0.26','Active',1,'2020-10-10 13:41:15','2020-10-10 18:41:15'),(182,47,'17.530','Active',1,'2020-10-10 13:41:49','2020-10-10 18:41:49'),(183,48,'7654','Active',1,'2020-10-10 13:42:17','2020-10-10 18:42:17'),(184,49,'0.111','Active',1,'2020-10-10 13:42:40','2020-10-10 18:42:40'),(185,50,'600','Active',1,'2020-10-10 13:43:11','2020-10-10 18:43:11'),(186,51,'1500','Active',1,'2020-10-10 13:44:02','2020-10-10 18:44:02'),(187,52,'9','Active',1,'2020-10-10 14:09:53','2020-10-10 19:09:53'),(188,53,'3.1','Active',1,'2020-10-12 15:11:44','2020-10-12 20:11:44'),(189,59,'1.46','Active',1,'2020-10-12 15:23:35','2020-10-12 20:23:35'),(190,60,'757','Active',1,'2020-10-12 15:33:47','2020-10-12 20:33:47'),(191,54,'','Active',1,'2020-10-12 15:34:41','2020-10-12 20:34:41'),(192,61,'0.111','Active',1,'2020-10-12 15:37:28','2020-10-12 20:37:28'),(193,62,'180','Active',1,'2020-10-12 15:38:26','2020-10-12 20:38:26'),(194,64,'','Active',1,'2020-10-12 15:39:19','2020-10-12 20:39:19'),(195,65,'0.292','Active',1,'2020-10-12 15:40:06','2020-10-12 20:40:06'),(196,66,'8','Active',1,'2020-10-14 11:25:08','2020-10-14 16:25:08'),(197,67,'27.2','Active',1,'2020-10-14 11:26:58','2020-10-14 16:26:58'),(198,68,'24','Active',1,'2020-10-14 11:28:33','2020-10-14 16:28:33'),(199,69,'4','Active',1,'2020-10-14 20:37:59','2020-10-15 01:37:59'),(200,70,'50','Active',1,'2020-11-08 02:59:48','2020-11-08 08:59:48'),(202,71,'56','Active',1,'2020-12-20 08:01:47','2020-12-20 08:01:47'),(204,72,'1913','Active',1,'2020-12-20 18:14:58','2020-12-20 18:14:58'),(206,73,'77.6','Active',1,'2020-12-20 18:27:29','2020-12-20 18:27:29'),(208,74,'57','Active',1,'2020-12-20 18:34:09','2020-12-20 18:34:09'),(210,75,'1768','Active',1,'2020-12-20 18:45:07','2020-12-20 18:45:07'),(212,76,'3409','Active',1,'2020-12-20 18:52:58','2020-12-20 18:52:58'),(214,77,'56.4','Active',1,'2020-12-20 19:03:32','2020-12-20 19:03:32'),(216,78,'364','Active',1,'2020-12-20 19:07:43','2020-12-20 19:07:43'),(218,79,'1913','Active',1,'2020-12-20 19:13:22','2020-12-20 19:13:22'),(220,80,'1364','Active',1,'2020-12-20 19:14:52','2020-12-20 19:14:52'),(222,81,'238','Active',1,'2020-12-25 00:38:13','2020-12-25 00:38:13'),(224,82,'348','Active',1,'2020-12-25 00:40:36','2020-12-25 00:40:36'),(226,83,'56','Active',1,'2020-12-25 00:42:53','2020-12-25 00:42:53'),(228,84,'1054','Active',1,'2020-12-25 00:45:21','2020-12-25 00:45:21'),(230,85,'147','Active',1,'2020-12-25 00:47:17','2020-12-25 00:47:17'),(231,87,'147','Active',1,'2020-12-25 03:57:52','2020-12-25 03:57:52'),(233,88,'900','Active',1,'2021-01-06 01:38:26','2021-01-06 01:38:26'),(235,89,'111','Active',1,'2021-01-06 01:40:20','2021-01-06 01:40:20'),(237,90,'2433.5','Active',1,'2021-01-06 01:43:56','2021-01-06 01:43:56'),(239,91,'705','Active',1,'2021-01-06 01:47:39','2021-01-06 01:47:39'),(241,92,'448','Active',1,'2021-01-06 01:50:51','2021-01-06 01:50:51'),(242,93,'448','Active',1,'2021-02-21 22:59:46','2021-02-21 22:59:46'),(243,94,'448','Active',1,'2021-02-26 22:17:15','2021-02-26 22:17:15'),(244,95,'448','Active',1,'2021-02-26 22:21:50','2021-02-26 22:21:50'),(246,96,'1,500,000','Active',1,'2021-06-06 01:54:32','2021-06-06 01:54:32'),(248,97,'4 kcal','Active',1,'2021-07-29 19:34:34','2021-07-29 19:34:34'),(250,98,'3.4 kcal','Active',1,'2021-07-30 00:15:35','2021-07-30 00:15:35'),(252,99,'4','Active',1,'2021-07-30 00:29:16','2021-07-30 00:29:16'),(254,100,'3.4  ','Active',1,'2021-07-30 12:56:18','2021-07-30 12:57:28'),(256,101,'6.8','Active',1,'2021-07-30 13:01:23','2021-07-30 13:01:23'),(258,102,'6.8','Active',1,'2021-07-30 13:06:06','2021-07-30 13:06:06'),(260,103,'10.2','Active',1,'2021-07-30 13:09:45','2021-07-30 13:09:45'),(262,104,'The correct answer is 17.\r\n\r\n','Active',1,'2021-10-03 16:27:56','2021-10-03 16:27:56'),(263,105,'56','Active',1,'2021-10-04 07:12:05','2021-10-04 07:12:05'),(264,105,'75','Active',1,'2021-10-04 07:12:05','2021-10-04 07:12:05'),(266,106,'23.8','Active',1,'2021-10-05 20:44:10','2021-10-05 20:46:48'),(267,107,'1','Active',1,'2021-11-16 07:18:30','2021-11-16 07:18:30'),(269,108,'40','Active',1,'2021-11-17 20:51:48','2021-11-17 20:51:48'),(271,109,'32','Active',1,'2021-11-17 23:25:24','2021-11-18 00:04:56'),(273,110,'278','Active',1,'2021-11-24 23:57:55','2021-11-24 23:57:55'),(275,111,'40','Active',1,'2021-11-25 21:00:50','2021-11-25 21:00:50'),(280,112,'5.4','Active',1,'2021-11-25 21:11:05','2021-11-25 21:11:05'),(281,113,'1027','Active',1,'2021-11-25 21:11:22','2021-11-25 21:11:22'),(282,114,'139','Active',1,'2021-11-25 21:11:35','2021-11-25 21:11:35'),(283,115,'432','Active',1,'2021-11-25 21:11:51','2021-11-25 21:11:51'),(285,116,'7','Active',1,'2021-11-26 03:42:44','2021-11-26 03:42:44'),(287,117,'703 ','Active',1,'2021-11-26 03:45:46','2021-11-26 03:45:46'),(289,118,'1711','Active',1,'2021-11-26 19:19:51','2021-11-26 19:19:51'),(291,119,'78','Active',1,'2021-11-26 19:40:44','2021-11-26 19:40:44'),(293,120,'1111','Active',1,'2021-11-26 19:48:05','2021-11-26 19:48:05'),(295,121,'2381','Active',1,'2021-11-26 19:50:53','2021-11-26 19:50:53'),(297,122,'274.73','Active',1,'2021-11-26 21:02:36','2021-11-26 21:02:36'),(299,123,'8053.7','Active',1,'2021-11-26 21:04:55','2021-11-26 21:04:55'),(301,124,'2000','Active',1,'2021-11-26 21:06:28','2021-11-26 21:06:28'),(303,125,'400','Active',1,'2021-11-26 21:08:33','2021-11-26 21:08:33'),(305,126,'102','Active',1,'2021-11-26 21:11:03','2021-11-26 21:11:03'),(307,127,'50040','Active',1,'2021-11-26 21:15:44','2021-11-26 21:15:44'),(309,128,'168','Active',1,'2021-11-26 21:18:00','2021-11-26 21:18:00'),(311,129,'472','Active',1,'2021-11-26 21:20:11','2021-11-26 21:20:11'),(313,130,'225','Active',1,'2021-11-27 00:15:01','2021-11-27 00:15:01'),(315,131,'0.7','Active',1,'2021-11-27 00:21:14','2021-11-27 00:21:14'),(317,132,'79.38','Active',1,'2021-11-27 00:23:01','2021-11-27 00:23:01'),(319,133,'2.8','Active',1,'2021-11-27 00:26:03','2021-11-27 00:26:03'),(321,134,'154','Active',1,'2021-11-27 00:27:58','2021-11-27 00:27:58'),(323,135,'4','Active',1,'2021-11-27 02:33:30','2021-11-27 02:33:30'),(325,136,'555.6','Active',1,'2021-11-27 02:35:42','2021-11-27 02:35:42'),(327,137,'1391','Active',1,'2021-11-27 02:38:14','2021-11-27 02:38:14'),(329,138,'50','Active',1,'2021-11-27 02:40:16','2021-11-27 02:40:16'),(331,139,'15','Active',1,'2021-11-27 02:42:20','2021-11-27 02:42:20'),(333,140,'40.8','Active',1,'2021-11-27 15:27:00','2021-11-27 15:27:00'),(335,141,'259.6','Active',1,'2021-11-27 15:29:33','2021-11-27 15:29:33'),(337,142,'321.7','Active',1,'2021-11-27 15:33:32','2021-11-27 15:33:32'),(339,143,'34','Active',1,'2021-11-27 15:36:31','2021-11-27 15:36:31'),(341,144,'549.5','Active',1,'2021-11-27 15:38:57','2021-11-27 15:38:57'),(343,145,'2.9','Active',1,'2021-11-27 15:41:11','2021-11-27 15:41:11'),(345,146,'5825','Active',1,'2021-11-27 15:42:44','2021-11-27 15:42:44'),(347,147,'32.4','Active',1,'2021-11-27 15:45:36','2021-11-27 15:45:36'),(349,148,'667','Active',1,'2021-11-27 15:48:10','2021-11-27 15:48:10'),(351,149,'0.9','Active',1,'2021-11-27 15:51:23','2021-11-27 15:51:23'),(353,150,'106.4','Active',1,'2021-11-27 15:54:17','2021-11-27 15:54:17'),(355,151,'77','Active',1,'2021-11-27 15:58:00','2021-11-27 15:58:00'),(357,152,'9','Active',1,'2021-11-27 16:01:12','2021-11-27 16:01:12'),(358,153,'9','Active',1,'2022-01-30 15:53:19','2022-01-30 15:53:19'),(359,154,'125','Active',1,'2022-02-12 20:31:56','2022-02-12 20:31:56'),(360,155,'8.9','Active',1,'2022-02-12 20:40:41','2022-02-12 20:40:41'),(361,156,'384','Active',1,'2022-02-12 20:45:45','2022-02-12 20:45:45'),(362,157,'2.17','Active',1,'2022-02-12 20:50:34','2022-02-12 20:50:34'),(363,158,'4.7','Active',1,'2022-02-12 20:55:06','2022-02-12 20:55:06'),(364,159,'108','Active',1,'2022-02-12 20:58:37','2022-02-12 20:58:37'),(365,160,'250','Active',1,'2022-02-12 21:02:42','2022-02-12 21:02:42'),(366,161,'13.3','Active',1,'2022-02-12 21:06:18','2022-02-12 21:06:18'),(367,162,'250','Active',1,'2022-02-12 21:09:56','2022-02-12 21:09:56'),(368,163,'125','Active',1,'2022-02-12 21:12:25','2022-02-12 21:12:25'),(369,164,'14','Active',1,'2022-02-13 20:20:53','2022-02-13 20:20:53'),(370,165,'20.8','Active',1,'2022-02-13 20:23:37','2022-02-13 20:23:37'),(371,166,'21','Active',1,'2022-02-13 20:26:21','2022-02-13 20:26:21'),(372,167,'20','Active',1,'2022-02-13 20:28:37','2022-02-13 20:28:37'),(373,168,'40','Active',1,'2022-02-13 20:31:03','2022-02-13 20:31:03'),(374,169,'9','Active',1,'2022-02-13 20:33:59','2022-02-13 20:33:59'),(375,170,'20','Active',1,'2022-02-13 20:37:01','2022-02-13 20:37:01'),(376,171,'55','Active',1,'2022-02-13 20:40:03','2022-02-13 20:40:03'),(377,172,'23','Active',1,'2022-02-13 20:43:00','2022-02-13 20:43:00'),(378,173,'5.8','Active',1,'2022-02-13 20:46:22','2022-02-13 20:46:22');
/*!40000 ALTER TABLE `tbl_options` ENABLE KEYS */;
UNLOCK TABLES;

--
-- Table structure for table `tbl_packages`
--

DROP TABLE IF EXISTS `tbl_packages`;
/*!40101 SET @saved_cs_client     = @@character_set_client */;
/*!40101 SET character_set_client = utf8 */;
CREATE TABLE `tbl_packages` (
  `id` int(11) NOT NULL AUTO_INCREMENT,
  `category_id` int(11) NOT NULL,
  `price` double NOT NULL,
  `duration` varchar(100) NOT NULL,
  `description` text NOT NULL,
  `status` enum('Active','Inactive') NOT NULL,
  `type` enum('New','Renewals') NOT NULL,
  `created_by` int(11) NOT NULL,
  `created_date` datetime NOT NULL DEFAULT CURRENT_TIMESTAMP,
  `updated_date` datetime NOT NULL DEFAULT CURRENT_TIMESTAMP ON UPDATE CURRENT_TIMESTAMP,
  PRIMARY KEY (`id`)
) ENGINE=InnoDB AUTO_INCREMENT=31 DEFAULT CHARSET=latin1;
/*!40101 SET character_set_client = @saved_cs_client */;

--
-- Dumping data for table `tbl_packages`
--

LOCK TABLES `tbl_packages` WRITE;
/*!40000 ALTER TABLE `tbl_packages` DISABLE KEYS */;
INSERT INTO `tbl_packages` VALUES (1,5,39,'30 Days','<p>Risk-free&nbsp;full&nbsp;access.&nbsp;No&nbsp;credit&nbsp;card&nbsp;required.</p>\r\n','Active','New',1,'2018-07-31 05:39:57','2018-07-31 06:52:41'),(2,5,99,'90 Days','<p>Additional&nbsp;time&nbsp;to&nbsp;increase&nbsp;skills&nbsp;and&nbsp;performance.</p>\r\n','Active','New',1,'2018-07-31 05:40:18','2018-07-31 06:53:01'),(3,5,119,'180 Days','<p>Suggested&nbsp;by&nbsp;educational&nbsp;experts&nbsp;to&nbsp;prepare&nbsp;and&nbsp;improve.</p>\r\n','Active','New',1,'2018-07-31 05:40:32','2018-07-31 06:53:04'),(4,6,39,'30 Days','<p>Risk-free&nbsp;full&nbsp;access.&nbsp;No&nbsp;credit&nbsp;card&nbsp;required.</p>\r\n','Active','New',1,'2018-07-31 05:44:40','2018-07-31 06:53:08'),(5,6,99,'90 Days','<p>Additional&nbsp;time&nbsp;to&nbsp;increase&nbsp;skills&nbsp;and&nbsp;performance.</p>\r\n','Active','New',1,'2018-07-31 05:45:17','2018-07-31 06:53:10'),(6,6,119,'180 Days','<p>Suggested&nbsp;by&nbsp;educational&nbsp;experts&nbsp;to&nbsp;prepare&nbsp;and&nbsp;improve.</p>\r\n','Active','New',1,'2018-07-31 05:45:26','2018-07-31 06:53:12'),(7,7,39,'30 Days','<p>Risk-free&nbsp;full&nbsp;access.&nbsp;No&nbsp;credit&nbsp;card&nbsp;required.</p>\r\n','Active','New',1,'2018-07-31 05:45:53','2018-07-31 06:53:16'),(8,7,99,'90 Days','<p>Additional&nbsp;time&nbsp;to&nbsp;increase&nbsp;skills&nbsp;and&nbsp;performance.</p>\r\n','Active','New',1,'2018-07-31 05:46:03','2018-07-31 06:53:18'),(9,7,119,'180 Days','<p>Suggested&nbsp;by&nbsp;educational&nbsp;experts&nbsp;to&nbsp;prepare&nbsp;and&nbsp;improve.</p>\r\n','Active','New',1,'2018-07-31 05:46:11','2018-07-31 06:53:20'),(10,8,69,'30 Days','<p>Risk-free&nbsp;full&nbsp;access.&nbsp;No&nbsp;credit&nbsp;card&nbsp;required.</p>\r\n','Active','New',1,'2018-07-31 05:46:41','2018-07-31 06:53:22'),(11,8,117,'90 Days','<p>Additional&nbsp;time&nbsp;to&nbsp;increase&nbsp;skills&nbsp;and&nbsp;performance.</p>\r\n','Active','New',1,'2018-07-31 05:46:50','2018-07-31 06:53:24'),(12,8,150,'180 Days','<p>Suggested&nbsp;by&nbsp;educational&nbsp;experts&nbsp;to&nbsp;prepare&nbsp;and&nbsp;improve.</p>\r\n','Active','New',1,'2018-07-31 05:47:00','2018-07-31 06:53:26'),(13,9,69,'30 Days','<p>Risk-free&nbsp;full&nbsp;access.&nbsp;No&nbsp;credit&nbsp;card&nbsp;required.</p>\r\n','Active','New',1,'2018-07-31 05:47:21','2018-07-31 06:53:28'),(14,9,117,'90 Days','<p>Additional&nbsp;time&nbsp;to&nbsp;increase&nbsp;skills&nbsp;and&nbsp;performance.</p>\r\n','Active','New',1,'2018-07-31 05:47:32','2018-07-31 06:53:32'),(15,9,150,'180 Days','<p>Suggested&nbsp;by&nbsp;educational&nbsp;experts&nbsp;to&nbsp;prepare&nbsp;and&nbsp;improve.</p>\r\n','Active','New',1,'2018-07-31 05:47:42','2018-07-31 06:53:34'),(16,10,39,'30 Days','<p>Risk-free&nbsp;full&nbsp;access.&nbsp;No&nbsp;credit&nbsp;card&nbsp;required.</p>\r\n','Active','New',1,'2018-07-31 05:48:11','2018-07-31 06:53:36'),(17,10,99,'90 Days','<p>Additional&nbsp;time&nbsp;to&nbsp;increase&nbsp;skills&nbsp;and&nbsp;performance.</p>\r\n','Active','New',1,'2018-07-31 05:48:24','2018-07-31 06:53:39'),(18,10,119,'180 Days','<p>Suggested&nbsp;by&nbsp;educational&nbsp;experts&nbsp;to&nbsp;prepare&nbsp;and&nbsp;improve.</p>\r\n','Active','New',1,'2018-07-31 05:48:45','2018-07-31 06:53:41'),(19,11,39,'30 Days','<p>Risk-free&nbsp;full&nbsp;access.&nbsp;No&nbsp;credit&nbsp;card&nbsp;required.</p>\r\n','Active','New',1,'2018-07-31 05:49:18','2018-07-31 06:53:43'),(20,11,99,'90 Days','<p>Additional&nbsp;time&nbsp;to&nbsp;increase&nbsp;skills&nbsp;and&nbsp;performance.</p>\r\n','Active','New',1,'2018-07-31 05:49:28','2018-07-31 06:53:46'),(21,11,119,'180 Days','<p>Suggested&nbsp;by&nbsp;educational&nbsp;experts&nbsp;to&nbsp;prepare&nbsp;and&nbsp;improve.</p>\r\n','Active','New',1,'2018-07-31 05:49:37','2018-07-31 06:53:49'),(22,12,69,'30 Days','<p>Risk-free&nbsp;full&nbsp;access.&nbsp;No&nbsp;credit&nbsp;card&nbsp;required.</p>\r\n','Active','New',1,'2018-07-31 05:50:11','2018-07-31 06:53:52'),(23,12,117,'90 Days','<p>Additional&nbsp;time&nbsp;to&nbsp;increase&nbsp;skills&nbsp;and&nbsp;performance.</p>\r\n','Active','New',1,'2018-07-31 05:50:21','2018-07-31 06:53:54'),(24,12,150,'180 Days','<table>\r\n	<tbody>\r\n		<tr>\r\n			<td>\r\n			<p>Suggested&nbsp;by&nbsp;educational&nbsp;experts&nbsp;to&nbsp;prepare&nbsp;and&nbsp;improve.</p>\r\n			</td>\r\n			<td>&nbsp;</td>\r\n		</tr>\r\n	</tbody>\r\n</table>\r\n','Active','New',1,'2018-07-31 05:50:31','2018-07-31 06:53:57'),(25,13,69,'30 Days','<p>Risk-free&nbsp;full&nbsp;access.&nbsp;No&nbsp;credit&nbsp;card&nbsp;required.</p>\r\n','Active','New',1,'2018-07-31 05:50:59','2018-07-31 06:54:07'),(26,13,117,'90 Days','<p>Additional&nbsp;time&nbsp;to&nbsp;increase&nbsp;skills&nbsp;and&nbsp;performance.</p>\r\n','Active','New',1,'2018-07-31 05:51:12','2018-07-31 06:54:09'),(27,13,150,'180 Days','<p>Suggested&nbsp;by&nbsp;educational&nbsp;experts&nbsp;to&nbsp;prepare&nbsp;and&nbsp;improve.</p>\r\n','Active','New',1,'2018-07-31 05:51:24','2018-07-31 06:54:12'),(28,14,69,'30 Days','<p>Risk-free&nbsp;full&nbsp;access.&nbsp;No&nbsp;credit&nbsp;card&nbsp;required.</p>\r\n','Active','New',1,'2018-07-31 05:51:50','2018-07-31 06:54:15'),(29,14,117,'90 Days','<p>Additional&nbsp;time&nbsp;to&nbsp;increase&nbsp;skills&nbsp;and&nbsp;performance.</p>\r\n','Active','New',1,'2018-07-31 05:52:01','2018-07-31 06:54:17'),(30,14,150,'180 Days','<p>Suggested&nbsp;by&nbsp;educational&nbsp;experts&nbsp;to&nbsp;prepare&nbsp;and&nbsp;improve.</p>\r\n','Active','New',1,'2018-07-31 05:52:12','2018-07-31 06:54:20');
/*!40000 ALTER TABLE `tbl_packages` ENABLE KEYS */;
UNLOCK TABLES;

--
-- Table structure for table `tbl_payments`
--

DROP TABLE IF EXISTS `tbl_payments`;
/*!40101 SET @saved_cs_client     = @@character_set_client */;
/*!40101 SET character_set_client = utf8 */;
CREATE TABLE `tbl_payments` (
  `id` int(11) NOT NULL AUTO_INCREMENT,
  `txn_id` varchar(255) COLLATE utf8_unicode_ci NOT NULL,
  `student_id` int(11) NOT NULL,
  `paid_amount` double NOT NULL,
  `payment_detail` text COLLATE utf8_unicode_ci NOT NULL,
  `status` varchar(100) COLLATE utf8_unicode_ci NOT NULL,
  `created_date` datetime NOT NULL,
  PRIMARY KEY (`id`)
) ENGINE=MyISAM AUTO_INCREMENT=2 DEFAULT CHARSET=utf8 COLLATE=utf8_unicode_ci;
/*!40101 SET character_set_client = @saved_cs_client */;

--
-- Dumping data for table `tbl_payments`
--

LOCK TABLES `tbl_payments` WRITE;
/*!40000 ALTER TABLE `tbl_payments` DISABLE KEYS */;
INSERT INTO `tbl_payments` VALUES (1,'ch_1HZfeKDeriUoU3nCc6IrE3fE',25,0.69,'Customer Info: \n{\"\\u0000*\\u0000_opts\":{\"headers\":[],\"apiKey\":\"sk_live_DQ5ZMg2Vh6QpZL89CWxnA1Lg\"},\"\\u0000*\\u0000_values\":{\"id\":\"cus_I9zdQPhyhO17Kn\",\"object\":\"customer\",\"address\":null,\"balance\":0,\"created\":1602088675,\"currency\":null,\"default_source\":\"card_1HZfeFDeriUoU3nCbO0sO5Jj\",\"delinquent\":false,\"description\":null,\"discount\":null,\"email\":\"profmd@rxcalculations.com\",\"invoice_prefix\":\"C9080887\",\"invoice_settings\":{\"custom_fields\":null,\"default_payment_method\":null,\"footer\":null},\"livemode\":true,\"metadata\":[],\"name\":null,\"next_invoice_sequence\":1,\"phone\":null,\"preferred_locales\":[],\"shipping\":null,\"sources\":{\"object\":\"list\",\"data\":[{\"id\":\"card_1HZfeFDeriUoU3nCbO0sO5Jj\",\"object\":\"card\",\"address_city\":null,\"address_country\":null,\"address_line1\":null,\"address_line1_check\":null,\"address_line2\":null,\"address_state\":null,\"address_zip\":null,\"address_zip_check\":null,\"brand\":\"MasterCard\",\"country\":\"US\",\"customer\":\"cus_I9zdQPhyhO17Kn\",\"cvc_check\":\"unavailable\",\"dynamic_last4\":null,\"exp_month\":3,\"exp_year\":2022,\"fingerprint\":\"ON1T3RTPMNWfNVpZ\",\"funding\":\"credit\",\"last4\":\"6541\",\"metadata\":[],\"name\":\"profmd@rxcalculations.com\",\"tokenization_method\":null}],\"has_more\":false,\"total_count\":1,\"url\":\"\\/v1\\/customers\\/cus_I9zdQPhyhO17Kn\\/sources\"},\"subscriptions\":{\"object\":\"list\",\"data\":[],\"has_more\":false,\"total_count\":0,\"url\":\"\\/v1\\/customers\\/cus_I9zdQPhyhO17Kn\\/subscriptions\"},\"tax_exempt\":\"none\",\"tax_ids\":{\"object\":\"list\",\"data\":[],\"has_more\":false,\"total_count\":0,\"url\":\"\\/v1\\/customers\\/cus_I9zdQPhyhO17Kn\\/tax_ids\"}},\"\\u0000*\\u0000_unsavedValues\":{},\"\\u0000*\\u0000_transientValues\":{},\"\\u0000*\\u0000_retrieveOptions\":[],\"\\u0000*\\u0000_lastResponse\":{\"headers\":{\"server\":\"nginx\",\"date\":\"Wed, 07 Oct 2020 16:37:55 GMT\",\"content-type\":\"application\\/json\",\"content-length\":\"1890\",\"access-control-allow-credentials\":\"true\",\"access-control-allow-methods\":\"GET, POST, HEAD, OPTIONS, DELETE\",\"access-control-allow-origin\":\"*\",\"access-control-expose-headers\":\"Request-Id, Stripe-Manage-Version, X-Stripe-External-Auth-Required, X-Stripe-Privileged-Session-Required\",\"access-control-max-age\":\"300\",\"cache-control\":\"no-cache, no-store\",\"request-id\":\"req_ML5hvukdFzYZfm\",\"stripe-version\":\"2020-03-02\",\"strict-transport-security\":\"max-age=31556926; includeSubDomains; preload\"},\"body\":\"{\\n  \\\"id\\\": \\\"cus_I9zdQPhyhO17Kn\\\",\\n  \\\"object\\\": \\\"customer\\\",\\n  \\\"address\\\": null,\\n  \\\"balance\\\": 0,\\n  \\\"created\\\": 1602088675,\\n  \\\"currency\\\": null,\\n  \\\"default_source\\\": \\\"card_1HZfeFDeriUoU3nCbO0sO5Jj\\\",\\n  \\\"delinquent\\\": false,\\n  \\\"description\\\": null,\\n  \\\"discount\\\": null,\\n  \\\"email\\\": \\\"profmd@rxcalculations.com\\\",\\n  \\\"invoice_prefix\\\": \\\"C9080887\\\",\\n  \\\"invoice_settings\\\": {\\n    \\\"custom_fields\\\": null,\\n    \\\"default_payment_method\\\": null,\\n    \\\"footer\\\": null\\n  },\\n  \\\"livemode\\\": true,\\n  \\\"metadata\\\": {\\n  },\\n  \\\"name\\\": null,\\n  \\\"next_invoice_sequence\\\": 1,\\n  \\\"phone\\\": null,\\n  \\\"preferred_locales\\\": [\\n\\n  ],\\n  \\\"shipping\\\": null,\\n  \\\"sources\\\": {\\n    \\\"object\\\": \\\"list\\\",\\n    \\\"data\\\": [\\n      {\\n        \\\"id\\\": \\\"card_1HZfeFDeriUoU3nCbO0sO5Jj\\\",\\n        \\\"object\\\": \\\"card\\\",\\n        \\\"address_city\\\": null,\\n        \\\"address_country\\\": null,\\n        \\\"address_line1\\\": null,\\n        \\\"address_line1_check\\\": null,\\n        \\\"address_line2\\\": null,\\n        \\\"address_state\\\": null,\\n        \\\"address_zip\\\": null,\\n        \\\"address_zip_check\\\": null,\\n        \\\"brand\\\": \\\"MasterCard\\\",\\n        \\\"country\\\": \\\"US\\\",\\n        \\\"customer\\\": \\\"cus_I9zdQPhyhO17Kn\\\",\\n        \\\"cvc_check\\\": \\\"unavailable\\\",\\n        \\\"dynamic_last4\\\": null,\\n        \\\"exp_month\\\": 3,\\n        \\\"exp_year\\\": 2022,\\n        \\\"fingerprint\\\": \\\"ON1T3RTPMNWfNVpZ\\\",\\n        \\\"funding\\\": \\\"credit\\\",\\n        \\\"last4\\\": \\\"6541\\\",\\n        \\\"metadata\\\": {\\n        },\\n        \\\"name\\\": \\\"profmd@rxcalculations.com\\\",\\n        \\\"tokenization_method\\\": null\\n      }\\n    ],\\n    \\\"has_more\\\": false,\\n    \\\"total_count\\\": 1,\\n    \\\"url\\\": \\\"\\/v1\\/customers\\/cus_I9zdQPhyhO17Kn\\/sources\\\"\\n  },\\n  \\\"subscriptions\\\": {\\n    \\\"object\\\": \\\"list\\\",\\n    \\\"data\\\": [\\n\\n    ],\\n    \\\"has_more\\\": false,\\n    \\\"total_count\\\": 0,\\n    \\\"url\\\": \\\"\\/v1\\/customers\\/cus_I9zdQPhyhO17Kn\\/subscriptions\\\"\\n  },\\n  \\\"tax_exempt\\\": \\\"none\\\",\\n  \\\"tax_ids\\\": {\\n    \\\"object\\\": \\\"list\\\",\\n    \\\"data\\\": [\\n\\n    ],\\n    \\\"has_more\\\": false,\\n    \\\"total_count\\\": 0,\\n    \\\"url\\\": \\\"\\/v1\\/customers\\/cus_I9zdQPhyhO17Kn\\/tax_ids\\\"\\n  }\\n}\\n\",\"json\":{\"id\":\"cus_I9zdQPhyhO17Kn\",\"object\":\"customer\",\"address\":null,\"balance\":0,\"created\":1602088675,\"currency\":null,\"default_source\":\"card_1HZfeFDeriUoU3nCbO0sO5Jj\",\"delinquent\":false,\"description\":null,\"discount\":null,\"email\":\"profmd@rxcalculations.com\",\"invoice_prefix\":\"C9080887\",\"invoice_settings\":{\"custom_fields\":null,\"default_payment_method\":null,\"footer\":null},\"livemode\":true,\"metadata\":[],\"name\":null,\"next_invoice_sequence\":1,\"phone\":null,\"preferred_locales\":[],\"shipping\":null,\"sources\":{\"object\":\"list\",\"data\":[{\"id\":\"card_1HZfeFDeriUoU3nCbO0sO5Jj\",\"object\":\"card\",\"address_city\":null,\"address_country\":null,\"address_line1\":null,\"address_line1_check\":null,\"address_line2\":null,\"address_state\":null,\"address_zip\":null,\"address_zip_check\":null,\"brand\":\"MasterCard\",\"country\":\"US\",\"customer\":\"cus_I9zdQPhyhO17Kn\",\"cvc_check\":\"unavailable\",\"dynamic_last4\":null,\"exp_month\":3,\"exp_year\":2022,\"fingerprint\":\"ON1T3RTPMNWfNVpZ\",\"funding\":\"credit\",\"last4\":\"6541\",\"metadata\":[],\"name\":\"profmd@rxcalculations.com\",\"tokenization_method\":null}],\"has_more\":false,\"total_count\":1,\"url\":\"\\/v1\\/customers\\/cus_I9zdQPhyhO17Kn\\/sources\"},\"subscriptions\":{\"object\":\"list\",\"data\":[],\"has_more\":false,\"total_count\":0,\"url\":\"\\/v1\\/customers\\/cus_I9zdQPhyhO17Kn\\/subscriptions\"},\"tax_exempt\":\"none\",\"tax_ids\":{\"object\":\"list\",\"data\":[],\"has_more\":false,\"total_count\":0,\"url\":\"\\/v1\\/customers\\/cus_I9zdQPhyhO17Kn\\/tax_ids\"}},\"code\":200}}\n \n Charge Info: \n{\"\\u0000*\\u0000_opts\":{\"headers\":[],\"apiKey\":\"sk_live_DQ5ZMg2Vh6QpZL89CWxnA1Lg\"},\"\\u0000*\\u0000_values\":{\"id\":\"ch_1HZfeKDeriUoU3nCc6IrE3fE\",\"object\":\"charge\",\"amount\":69,\"amount_captured\":69,\"amount_refunded\":0,\"application\":null,\"application_fee\":null,\"application_fee_amount\":null,\"balance_transaction\":\"txn_1HZfeKDeriUoU3nC5nKY2Zza\",\"billing_details\":{\"address\":{\"city\":null,\"country\":null,\"line1\":null,\"line2\":null,\"postal_code\":null,\"state\":null},\"email\":null,\"name\":\"profmd@rxcalculations.com\",\"phone\":null},\"calculated_statement_descriptor\":\"DANQUAHPREP\",\"captured\":true,\"created\":1602088676,\"currency\":\"usd\",\"customer\":\"cus_I9zdQPhyhO17Kn\",\"description\":null,\"destination\":null,\"dispute\":null,\"disputed\":false,\"failure_code\":null,\"failure_message\":null,\"fraud_details\":[],\"invoice\":null,\"livemode\":true,\"metadata\":[],\"on_behalf_of\":null,\"order\":null,\"outcome\":{\"network_status\":\"approved_by_network\",\"reason\":null,\"risk_level\":\"normal\",\"seller_message\":\"Payment complete.\",\"type\":\"authorized\"},\"paid\":true,\"payment_intent\":null,\"payment_method\":\"card_1HZfeFDeriUoU3nCbO0sO5Jj\",\"payment_method_details\":{\"card\":{\"brand\":\"mastercard\",\"checks\":{\"address_line1_check\":null,\"address_postal_code_check\":null,\"cvc_check\":\"pass\"},\"country\":\"US\",\"exp_month\":3,\"exp_year\":2022,\"fingerprint\":\"ON1T3RTPMNWfNVpZ\",\"funding\":\"credit\",\"installments\":null,\"last4\":\"6541\",\"network\":\"mastercard\",\"three_d_secure\":null,\"wallet\":null},\"type\":\"card\"},\"receipt_email\":null,\"receipt_number\":null,\"receipt_url\":\"https:\\/\\/pay.stripe.com\\/receipts\\/acct_1CxD6nDeriUoU3nC\\/ch_1HZfeKDeriUoU3nCc6IrE3fE\\/rcpt_I9zddSCnDxhbkahWLvRJt26im4vmWMQ\",\"refunded\":false,\"refunds\":{\"object\":\"list\",\"data\":[],\"has_more\":false,\"total_count\":0,\"url\":\"\\/v1\\/charges\\/ch_1HZfeKDeriUoU3nCc6IrE3fE\\/refunds\"},\"review\":null,\"shipping\":null,\"source\":{\"id\":\"card_1HZfeFDeriUoU3nCbO0sO5Jj\",\"object\":\"card\",\"address_city\":null,\"address_country\":null,\"address_line1\":null,\"address_line1_check\":null,\"address_line2\":null,\"address_state\":null,\"address_zip\":null,\"address_zip_check\":null,\"brand\":\"MasterCard\",\"country\":\"US\",\"customer\":\"cus_I9zdQPhyhO17Kn\",\"cvc_check\":\"pass\",\"dynamic_last4\":null,\"exp_month\":3,\"exp_year\":2022,\"fingerprint\":\"ON1T3RTPMNWfNVpZ\",\"funding\":\"credit\",\"last4\":\"6541\",\"metadata\":[],\"name\":\"profmd@rxcalculations.com\",\"tokenization_method\":null},\"source_transfer\":null,\"statement_descriptor\":null,\"statement_descriptor_suffix\":null,\"status\":\"succeeded\",\"transfer_data\":null,\"transfer_group\":null},\"\\u0000*\\u0000_unsavedValues\":{},\"\\u0000*\\u0000_transientValues\":{},\"\\u0000*\\u0000_retrieveOptions\":[],\"\\u0000*\\u0000_lastResponse\":{\"headers\":{\"server\":\"nginx\",\"date\":\"Wed, 07 Oct 2020 16:37:57 GMT\",\"content-type\":\"application\\/json\",\"content-length\":\"3000\",\"access-control-allow-credentials\":\"true\",\"access-control-allow-methods\":\"GET, POST, HEAD, OPTIONS, DELETE\",\"access-control-allow-origin\":\"*\",\"access-control-expose-headers\":\"Request-Id, Stripe-Manage-Version, X-Stripe-External-Auth-Required, X-Stripe-Privileged-Session-Required\",\"access-control-max-age\":\"300\",\"cache-control\":\"no-cache, no-store\",\"request-id\":\"req_18mvwn2rWcbYQQ\",\"stripe-version\":\"2020-03-02\",\"strict-transport-security\":\"max-age=31556926; includeSubDomains; preload\"},\"body\":\"{\\n  \\\"id\\\": \\\"ch_1HZfeKDeriUoU3nCc6IrE3fE\\\",\\n  \\\"object\\\": \\\"charge\\\",\\n  \\\"amount\\\": 69,\\n  \\\"amount_captured\\\": 69,\\n  \\\"amount_refunded\\\": 0,\\n  \\\"application\\\": null,\\n  \\\"application_fee\\\": null,\\n  \\\"application_fee_amount\\\": null,\\n  \\\"balance_transaction\\\": \\\"txn_1HZfeKDeriUoU3nC5nKY2Zza\\\",\\n  \\\"billing_details\\\": {\\n    \\\"address\\\": {\\n      \\\"city\\\": null,\\n      \\\"country\\\": null,\\n      \\\"line1\\\": null,\\n      \\\"line2\\\": null,\\n      \\\"postal_code\\\": null,\\n      \\\"state\\\": null\\n    },\\n    \\\"email\\\": null,\\n    \\\"name\\\": \\\"profmd@rxcalculations.com\\\",\\n    \\\"phone\\\": null\\n  },\\n  \\\"calculated_statement_descriptor\\\": \\\"DANQUAHPREP\\\",\\n  \\\"captured\\\": true,\\n  \\\"created\\\": 1602088676,\\n  \\\"currency\\\": \\\"usd\\\",\\n  \\\"customer\\\": \\\"cus_I9zdQPhyhO17Kn\\\",\\n  \\\"description\\\": null,\\n  \\\"destination\\\": null,\\n  \\\"dispute\\\": null,\\n  \\\"disputed\\\": false,\\n  \\\"failure_code\\\": null,\\n  \\\"failure_message\\\": null,\\n  \\\"fraud_details\\\": {\\n  },\\n  \\\"invoice\\\": null,\\n  \\\"livemode\\\": true,\\n  \\\"metadata\\\": {\\n  },\\n  \\\"on_behalf_of\\\": null,\\n  \\\"order\\\": null,\\n  \\\"outcome\\\": {\\n    \\\"network_status\\\": \\\"approved_by_network\\\",\\n    \\\"reason\\\": null,\\n    \\\"risk_level\\\": \\\"normal\\\",\\n    \\\"seller_message\\\": \\\"Payment complete.\\\",\\n    \\\"type\\\": \\\"authorized\\\"\\n  },\\n  \\\"paid\\\": true,\\n  \\\"payment_intent\\\": null,\\n  \\\"payment_method\\\": \\\"card_1HZfeFDeriUoU3nCbO0sO5Jj\\\",\\n  \\\"payment_method_details\\\": {\\n    \\\"card\\\": {\\n      \\\"brand\\\": \\\"mastercard\\\",\\n      \\\"checks\\\": {\\n        \\\"address_line1_check\\\": null,\\n        \\\"address_postal_code_check\\\": null,\\n        \\\"cvc_check\\\": \\\"pass\\\"\\n      },\\n      \\\"country\\\": \\\"US\\\",\\n      \\\"exp_month\\\": 3,\\n      \\\"exp_year\\\": 2022,\\n      \\\"fingerprint\\\": \\\"ON1T3RTPMNWfNVpZ\\\",\\n      \\\"funding\\\": \\\"credit\\\",\\n      \\\"installments\\\": null,\\n      \\\"last4\\\": \\\"6541\\\",\\n      \\\"network\\\": \\\"mastercard\\\",\\n      \\\"three_d_secure\\\": null,\\n      \\\"wallet\\\": null\\n    },\\n    \\\"type\\\": \\\"card\\\"\\n  },\\n  \\\"receipt_email\\\": null,\\n  \\\"receipt_number\\\": null,\\n  \\\"receipt_url\\\": \\\"https:\\/\\/pay.stripe.com\\/receipts\\/acct_1CxD6nDeriUoU3nC\\/ch_1HZfeKDeriUoU3nCc6IrE3fE\\/rcpt_I9zddSCnDxhbkahWLvRJt26im4vmWMQ\\\",\\n  \\\"refunded\\\": false,\\n  \\\"refunds\\\": {\\n    \\\"object\\\": \\\"list\\\",\\n    \\\"data\\\": [\\n\\n    ],\\n    \\\"has_more\\\": false,\\n    \\\"total_count\\\": 0,\\n    \\\"url\\\": \\\"\\/v1\\/charges\\/ch_1HZfeKDeriUoU3nCc6IrE3fE\\/refunds\\\"\\n  },\\n  \\\"review\\\": null,\\n  \\\"shipping\\\": null,\\n  \\\"source\\\": {\\n    \\\"id\\\": \\\"card_1HZfeFDeriUoU3nCbO0sO5Jj\\\",\\n    \\\"object\\\": \\\"card\\\",\\n    \\\"address_city\\\": null,\\n    \\\"address_country\\\": null,\\n    \\\"address_line1\\\": null,\\n    \\\"address_line1_check\\\": null,\\n    \\\"address_line2\\\": null,\\n    \\\"address_state\\\": null,\\n    \\\"address_zip\\\": null,\\n    \\\"address_zip_check\\\": null,\\n    \\\"brand\\\": \\\"MasterCard\\\",\\n    \\\"country\\\": \\\"US\\\",\\n    \\\"customer\\\": \\\"cus_I9zdQPhyhO17Kn\\\",\\n    \\\"cvc_check\\\": \\\"pass\\\",\\n    \\\"dynamic_last4\\\": null,\\n    \\\"exp_month\\\": 3,\\n    \\\"exp_year\\\": 2022,\\n    \\\"fingerprint\\\": \\\"ON1T3RTPMNWfNVpZ\\\",\\n    \\\"funding\\\": \\\"credit\\\",\\n    \\\"last4\\\": \\\"6541\\\",\\n    \\\"metadata\\\": {\\n    },\\n    \\\"name\\\": \\\"profmd@rxcalculations.com\\\",\\n    \\\"tokenization_method\\\": null\\n  },\\n  \\\"source_transfer\\\": null,\\n  \\\"statement_descriptor\\\": null,\\n  \\\"statement_descriptor_suffix\\\": null,\\n  \\\"status\\\": \\\"succeeded\\\",\\n  \\\"transfer_data\\\": null,\\n  \\\"transfer_group\\\": null\\n}\\n\",\"json\":{\"id\":\"ch_1HZfeKDeriUoU3nCc6IrE3fE\",\"object\":\"charge\",\"amount\":69,\"amount_captured\":69,\"amount_refunded\":0,\"application\":null,\"application_fee\":null,\"application_fee_amount\":null,\"balance_transaction\":\"txn_1HZfeKDeriUoU3nC5nKY2Zza\",\"billing_details\":{\"address\":{\"city\":null,\"country\":null,\"line1\":null,\"line2\":null,\"postal_code\":null,\"state\":null},\"email\":null,\"name\":\"profmd@rxcalculations.com\",\"phone\":null},\"calculated_statement_descriptor\":\"DANQUAHPREP\",\"captured\":true,\"created\":1602088676,\"currency\":\"usd\",\"customer\":\"cus_I9zdQPhyhO17Kn\",\"description\":null,\"destination\":null,\"dispute\":null,\"disputed\":false,\"failure_code\":null,\"failure_message\":null,\"fraud_details\":[],\"invoice\":null,\"livemode\":true,\"metadata\":[],\"on_behalf_of\":null,\"order\":null,\"outcome\":{\"network_status\":\"approved_by_network\",\"reason\":null,\"risk_level\":\"normal\",\"seller_message\":\"Payment complete.\",\"type\":\"authorized\"},\"paid\":true,\"payment_intent\":null,\"payment_method\":\"card_1HZfeFDeriUoU3nCbO0sO5Jj\",\"payment_method_details\":{\"card\":{\"brand\":\"mastercard\",\"checks\":{\"address_line1_check\":null,\"address_postal_code_check\":null,\"cvc_check\":\"pass\"},\"country\":\"US\",\"exp_month\":3,\"exp_year\":2022,\"fingerprint\":\"ON1T3RTPMNWfNVpZ\",\"funding\":\"credit\",\"installments\":null,\"last4\":\"6541\",\"network\":\"mastercard\",\"three_d_secure\":null,\"wallet\":null},\"type\":\"card\"},\"receipt_email\":null,\"receipt_number\":null,\"receipt_url\":\"https:\\/\\/pay.stripe.com\\/receipts\\/acct_1CxD6nDeriUoU3nC\\/ch_1HZfeKDeriUoU3nCc6IrE3fE\\/rcpt_I9zddSCnDxhbkahWLvRJt26im4vmWMQ\",\"refunded\":false,\"refunds\":{\"object\":\"list\",\"data\":[],\"has_more\":false,\"total_count\":0,\"url\":\"\\/v1\\/charges\\/ch_1HZfeKDeriUoU3nCc6IrE3fE\\/refunds\"},\"review\":null,\"shipping\":null,\"source\":{\"id\":\"card_1HZfeFDeriUoU3nCbO0sO5Jj\",\"object\":\"card\",\"address_city\":null,\"address_country\":null,\"address_line1\":null,\"address_line1_check\":null,\"address_line2\":null,\"address_state\":null,\"address_zip\":null,\"address_zip_check\":null,\"brand\":\"MasterCard\",\"country\":\"US\",\"customer\":\"cus_I9zdQPhyhO17Kn\",\"cvc_check\":\"pass\",\"dynamic_last4\":null,\"exp_month\":3,\"exp_year\":2022,\"fingerprint\":\"ON1T3RTPMNWfNVpZ\",\"funding\":\"credit\",\"last4\":\"6541\",\"metadata\":[],\"name\":\"profmd@rxcalculations.com\",\"tokenization_method\":null},\"source_transfer\":null,\"statement_descriptor\":null,\"statement_descriptor_suffix\":null,\"status\":\"succeeded\",\"transfer_data\":null,\"transfer_group\":null},\"code\":200}}','succeeded','2020-10-07 11:37:59');
/*!40000 ALTER TABLE `tbl_payments` ENABLE KEYS */;
UNLOCK TABLES;

--
-- Table structure for table `tbl_questions`
--

DROP TABLE IF EXISTS `tbl_questions`;
/*!40101 SET @saved_cs_client     = @@character_set_client */;
/*!40101 SET character_set_client = utf8 */;
CREATE TABLE `tbl_questions` (
  `id` int(11) NOT NULL AUTO_INCREMENT,
  `category_id` int(11) NOT NULL,
  `type_id` int(11) NOT NULL,
  `subject_id` int(11) NOT NULL,
  `topic_id` int(11) NOT NULL,
  `title` text NOT NULL,
  `answer_type` enum('MCQs','Detail') NOT NULL,
  `option_id` int(11) NOT NULL,
  `explation` text NOT NULL,
  `image` varchar(255) NOT NULL,
  `referenceImage` varchar(255) NOT NULL,
  `video` varchar(255) NOT NULL,
  `level` enum('Low','Medium','High') NOT NULL,
  `hint` text NOT NULL,
  `status` enum('Active','Inactive') NOT NULL,
  `is_deleted` enum('0','1') NOT NULL DEFAULT '0',
  `is_block` enum('0','1') NOT NULL,
  `question_type` varchar(10) NOT NULL DEFAULT 'Live',
  `attemped_time` varchar(100) NOT NULL,
  `created_by` int(11) NOT NULL,
  `created_date` datetime NOT NULL DEFAULT CURRENT_TIMESTAMP,
  `updated_date` datetime NOT NULL DEFAULT CURRENT_TIMESTAMP ON UPDATE CURRENT_TIMESTAMP,
  PRIMARY KEY (`id`)
) ENGINE=InnoDB AUTO_INCREMENT=174 DEFAULT CHARSET=latin1;
/*!40101 SET character_set_client = @saved_cs_client */;

--
-- Dumping data for table `tbl_questions`
--

LOCK TABLES `tbl_questions` WRITE;
/*!40000 ALTER TABLE `tbl_questions` DISABLE KEYS */;
INSERT INTO `tbl_questions` VALUES (16,9,11,19,17,'<p><em>A cough mixture contains 48 mg of hydromorphone hydrochloride in 8 fl. oz. How many milligrams of hydromorphone hydrochloride are in each 2-teaspoonful dose?</em></p>\n','Detail',129,'<p>&nbsp; &nbsp;</p>\n','','','<iframeiframe>','Low','<p>&nbsp; &nbsp;&nbsp;</p>\n','Active','1','0','Demo','00:01:00',1,'2020-10-07 10:47:37','2020-12-20 07:53:00'),(17,9,11,19,17,'<p><em>If a preparation contains 5 g of a drug in 500 mL, how many grams are contained in each tablespoonful dose? Round to the nearest hundredth.</em></p>\r\n','Detail',130,'<p>&nbsp; &nbsp;</p>\r\n','','','<iframeiframe>','Low','<p>&nbsp; &nbsp;</p>\r\n','Active','1','0','Demo','00:01:00',1,'2020-10-07 10:48:16','2020-12-20 07:53:03'),(18,9,11,19,17,'<p><em>A physician ordered 500-mg capsules of tetracycline to be taken twice a day for 10 days. How many total grams of tetracycline would be prescribed?&nbsp;</em></p>\r\n','Detail',131,'<p>&nbsp; &nbsp;</p>\r\n','','','<iframeiframe>','Medium','<p>&nbsp; &nbsp; &nbsp; &nbsp;&nbsp;</p>\r\n','Active','1','0','Demo','00:01:30',1,'2020-10-07 10:49:26','2020-12-20 07:53:07'),(26,9,8,13,11,'<p><em>A cough mixture contains 48 mg of hydromorphone hydrochloride in 8 fl. oz. How many milligrams of hydromorphone hydrochloride are in each 2-teaspoonful dose?</em></p>\r\n','MCQs',161,'<p>&nbsp; &nbsp;</p>\r\n','','','<iframeiframe>','Low','<p>&nbsp; &nbsp;&nbsp;</p>\r\n','Active','1','0','Demo','00:01:00',1,'2020-10-09 07:27:59','2020-10-09 12:37:16'),(27,9,8,14,12,'<p><em>A cough mixture contains 48 mg of hydromorphone hydrochloride in 8 fl. oz. </em></p>\r\n','Detail',162,'<p>&nbsp; &nbsp;</p>\r\n','','','<iframeiframe>','Low','<p>&nbsp; &nbsp;&nbsp;</p>\r\n','Active','1','0','Demo','00:01:00',1,'2020-10-09 07:30:48','2020-10-09 12:31:53'),(28,9,8,14,12,'<p><em>A physician ordered 500-mg capsules of tetracycline to be taken twice a day for 10 days. How many total grams of tetracycline would be prescribed?&nbsp;</em></p>\r\n','Detail',163,'<p>&nbsp; &nbsp;</p>\r\n','','','<iframeiframe>','Medium','<p>&nbsp; &nbsp; &nbsp; &nbsp;&nbsp;</p>\r\n','Active','1','0','Demo','00:01:30',1,'2020-10-09 07:32:20','2020-10-09 12:37:13'),(29,9,11,19,17,'<p><em>Live question 1</em></p>\r\n','Detail',164,'<p>&nbsp; &nbsp;</p>\r\n','','','<iframeiframe>','Low','<p>&nbsp; &nbsp;&nbsp;</p>\r\n','Active','1','0','Live','00:01:00',1,'2020-10-09 07:38:32','2020-12-20 07:53:24'),(30,9,11,19,17,'<p><em>Live question 12</em></p>\r\n','Detail',165,'<p>&nbsp; &nbsp;</p>\r\n','','','<iframeiframe>','Low','<p>&nbsp; &nbsp;</p>\r\n','Active','1','0','Live','00:01:00',1,'2020-10-09 07:38:56','2020-12-20 07:53:26'),(31,9,11,19,17,'<p><em>Live question 3</em></p>\r\n','Detail',166,'<p>&nbsp; &nbsp;</p>\r\n','','','<iframeiframe>','Medium','<p>&nbsp; &nbsp; &nbsp; &nbsp;&nbsp;</p>\r\n','Active','1','0','Live','00:01:30',1,'2020-10-09 07:39:15','2020-12-20 07:53:29'),(32,9,8,13,11,'<p><em>Live question 4</em></p>\r\n','Detail',167,'<p>&nbsp; &nbsp;</p>\r\n','','','<iframeiframe>','Medium','<p>&nbsp; &nbsp; &nbsp; &nbsp;&nbsp;</p>\r\n','Active','1','0','Live','00:01:30',1,'2020-10-09 07:43:31','2020-12-20 07:53:33'),(33,9,8,14,12,'<p><em>Live question 35</em></p>\r\n','Detail',168,'<p>&nbsp; &nbsp;</p>\r\n','','','<iframeiframe>','Medium','<p>&nbsp; &nbsp; &nbsp; &nbsp;&nbsp;</p>\r\n','Active','1','0','Live','00:01:30',1,'2020-10-09 07:44:11','2020-12-20 07:53:36'),(34,9,8,14,12,'<p><em>Live question timed</em></p>\r\n','Detail',169,'<p>&nbsp; &nbsp;</p>\r\n','','','<iframeiframe>','Medium','<p>&nbsp; &nbsp; &nbsp; &nbsp;&nbsp;</p>\r\n','Active','1','0','Live','00:00:10',1,'2020-10-09 07:45:46','2020-12-20 07:53:39'),(35,9,10,16,14,'<p>You need to prepare one gallon of Pluronic Gel 20% to make PLO. This consists of Pluronic F-127, NF 20% w/v and potassium sorbate, NF 0.2% w/v in water. How many grams of Pluronic F-127 will you need? Round to the nearest tenth. Do not include units.</p>\n','Detail',170,'<p>&nbsp; &nbsp;&nbsp;</p>\n','','','<iframeiframe>','Medium','<p>&nbsp; &nbsp;&nbsp;</p>\n','Active','1','0','Live','00:01:00',1,'2020-10-09 15:50:25','2020-12-20 07:53:21'),(36,9,10,16,14,'<p>&nbsp;You receive the following formula for a wart solution:<br />\n<br />\nRx&nbsp; &nbsp; &nbsp; &nbsp; &nbsp;Lactic acid&nbsp; &nbsp; &nbsp; &nbsp; &nbsp; &nbsp; &nbsp; &nbsp; &nbsp; &nbsp; &nbsp; &nbsp; &nbsp;10% w/v<br />\n&nbsp; &nbsp; &nbsp; &nbsp; &nbsp; &nbsp; &nbsp; Salicylic acid&nbsp; &nbsp; &nbsp; &nbsp; &nbsp; &nbsp; &nbsp; &nbsp; &nbsp; &nbsp; &nbsp;10% w/v<br />\n&nbsp; &nbsp; &nbsp; &nbsp; &nbsp; &nbsp; &nbsp; Flexible collodion&nbsp; &nbsp;qs&nbsp; &nbsp; &nbsp;15 mL<br />\n<br />\nSalicylic acid is available as the powder and lactic acid is available as an 85% w/w solution with a specific gravity of 1.21. How many milliliters of lactic acid would be needed to prepare this solution? Round answer to the nearest hundredth. Do not include units.</p>\n','Detail',171,'<p>&nbsp; &nbsp;</p>\n','','','<iframeiframe>','Medium','<p>&nbsp; &nbsp;&nbsp;</p>\n','Active','1','0','Demo','00:01:30',1,'2020-10-09 17:55:45','2020-12-20 07:53:42'),(37,9,8,13,11,'<p>A formula for 1250 tablets contains 6.25 grams (g) of diazepam. How many grams of diazepam should be used in preparing 620 tablets? Round answer to the nearest hundredth. Do not include units.</p>\n','Detail',172,'<video width=\"100%\" height=\"100%\" id=\"pv_PWmypHuq\" oncontextmenu=\"return false;\" controlslist=\"nodownload\" controls=\"\" poster=\"https://media.publit.io/file/DanquahPrepVideos/Chapter1/Chapter-1-question-1.jpg\"   playsinline ></video><script src=\"https://static.publit.io/js/hls.js\"></script><script>if (Hls.isSupported()) {var video = document.getElementById(\"pv_PWmypHuq\");var hls = new Hls();hls.attachMedia(video);hls.on(Hls.Events.MEDIA_ATTACHED, function () {hls.loadSource(\"https://media.publit.io/file/DanquahPrepVideos/Chapter1/Chapter-1-question-1.m3u8\");});}</script>','','','<iframeiframe>','Low','<p>&nbsp;&nbsp;</p>\n','Active','1','0','Live','00:01:00',1,'2020-10-10 13:35:25','2020-12-20 07:53:45'),(38,9,8,13,11,'<p>The dose of a drug is 0.05 mg for each kilogram of a patient&rsquo;s weight. The drug is available as an oral liquid containing 50 mcg/0.1 mL. Calculate the dose of the oral liquid, in milliliters, for a patient who weighs 112 lb. Round to the nearest tenth. Do not include units.</p>\n','Detail',173,'<p>&nbsp; &nbsp;</p>\n','','','<iframeiframe>','Medium','<p>&nbsp; &nbsp;</p>\n','Active','1','0','Demo','00:01:30',1,'2020-10-10 13:35:57','2020-12-20 07:53:47'),(39,9,8,13,11,'<p>An injection contains 2 mg of medication in each milliliter (mL). If a physician prescribes a dose of 0.5 mg to be administered to a hospital patient three times daily, how many milliliters of injection will be required over a 18-day period? Round to the nearest hundredth. Do not include units.</p>\n','Detail',174,'<p>&nbsp; &nbsp;</p>\n','','','<iframeiframe>','Medium','<p>&nbsp; &nbsp;</p>\n','Active','1','0','Live','00:01:30',1,'2020-10-10 13:36:28','2020-12-20 07:53:50'),(40,9,8,13,11,'<p>If an intravenous fluid is adjusted to deliver 35 mg of medication to a patient per hour, how many milligrams of medication are delivered per half minute? Round answer to the nearest thousandth. Do not include units.</p>\n','Detail',175,'<p>&nbsp; &nbsp;</p>\n','','','<iframeiframe>','Low','<p>&nbsp; &nbsp;&nbsp;</p>\n','Active','1','0','Live','00:01:00',1,'2020-10-10 13:37:00','2020-12-20 07:53:53'),(41,9,8,13,11,'<p>The blood serum concentration of the antibacterial drug ciprofloxacin increases proportionately with the dose of drug administered. If a 250-mg dose of the drug results in a serum concentration of 1.2 micrograms of drug per milliliter of serum, how many micrograms of drug would be expected per milliliter of serum following a dose of 630 mg of drug? Round to the nearest tenth. Do not include units.</p>\n','Detail',176,'<p>&nbsp;&nbsp;</p>\n','','','<iframeiframe>','High','<p>&nbsp;&nbsp;</p>\n','Active','1','0','Live','00:02:00',1,'2020-10-10 13:37:50','2020-12-20 07:53:57'),(42,9,11,19,17,'<p>If 0.5 mL of a mumps virus vaccine contains 5000 units of antigen, how many units would be present in each milliliter if the 0.5 mL of vaccine was diluted to 5.2 mL with water for injection? Round answer to the nearest whole number. Do not include units.</p>\n','Detail',177,'<p>&nbsp; &nbsp;</p>\n','','','<iframeiframe>','Medium','<p>&nbsp; &nbsp;</p>\n','Active','1','0','Demo','00:01:30',1,'2020-10-10 13:38:39','2020-12-20 07:54:04'),(43,9,11,19,17,'<p>If 1 milliliter contains 10000 units of antigen, how many units will be in each milliliter if 1 mL was diluted to 60 mL? Round answer to the nearest whole number. Do not include units.</p>\n','Detail',178,'<p>&nbsp; &nbsp;</p>\n','','','<iframeiframe>','Low','<p>&nbsp; &nbsp;&nbsp;</p>\n','Active','1','0','Demo','00:01:00',1,'2020-10-10 13:39:13','2020-12-20 07:54:06'),(44,9,11,19,17,'<p>A cough syrup has 4 grams of active ingredient per liter. How many milligrams are contained in 3 tablespoon dose of the elixir? Round answer to the nearest tenth. Do not include units.</p>\n','Detail',179,'<p>&nbsp; &nbsp;</p>\n','','','<iframeiframe>','Low','<p>&nbsp; &nbsp;&nbsp;</p>\n','Active','1','0','Live','00:01:00',1,'2020-10-10 13:40:31','2020-12-20 07:54:08'),(45,9,11,19,17,'<p>If a 90 mL bottle contains 0.5 g of vancomycin, how many milliliters do you need for 20 mg? Round answer to the nearest tenth. Do not include units.</p>\n','Detail',180,'<p>&nbsp; &nbsp;</p>\n','','','<iframeiframe>','Low','<p>&nbsp; &nbsp;</p>\n','Active','1','0','Live','00:01:00',1,'2020-10-10 13:40:54','2020-12-20 07:54:11'),(46,9,11,19,17,'<p>How many milliliters of an injection containing 0.25 mg of drug in each milliliter should be administered to provide a dose of 65 mcg? Round answer to the nearest hundredth. Do not include units.</p>\n','Detail',181,'<p>&nbsp;&nbsp;</p>\n','','','<iframeiframe>','Medium','<p>&nbsp; &nbsp;</p>\n','Active','1','0','Live','00:01:30',1,'2020-10-10 13:41:15','2020-12-20 07:54:14'),(47,9,15,27,25,'<p>Add 0.009 kg, 1114 mg, 6.85 g, and 566436 &mu;g, and express the answer in grams. Round answer to the nearest thousandth. Do not include units.</p>\n','Detail',182,'<p>&nbsp; &nbsp;</p>\n','','','<iframeiframe>','Low','<p>&nbsp; &nbsp;</p>\n','Active','1','0','Live','00:01:00',1,'2020-10-10 13:41:49','2020-12-20 07:54:18'),(48,9,11,19,17,'<p>A low-strength aspirin tablet contains 81 mg of aspirin per tablet. How many tablets may a manufacturer prepare from 0.62 kg of aspirin? Round answer to the nearest whole number. Do not include units.</p>\n','Detail',183,'<p>&nbsp; &nbsp;&nbsp;</p>\n','','','<iframeiframe>','Medium','<p>&nbsp; &nbsp;&nbsp;</p>\n','Active','1','0','Live','00:01:30',1,'2020-10-10 13:42:17','2020-12-20 07:54:21'),(49,9,11,19,17,'<p>One-half liter of solution for intravenous infusion contains 9 g of drug. How many milliliters of the solution would contain 2 mg of drug? Round answer to the nearest thousandth. Do not include units.</p>\n','Detail',184,'<p>&nbsp; &nbsp;</p>\n','','','<iframeiframe>','High','<p>&nbsp; &nbsp;&nbsp;</p>\n','Active','1','0','Live','00:02:00',1,'2020-10-10 13:42:40','2020-12-20 07:54:23'),(50,9,11,19,17,'<p>An injection contains 50 mcg/0.5 mL of drug. How many &mu;L of the injection should be administered to deliver 0.06 mg of drug? Round to the nearest whole number. Do not include units.</p>\n','Detail',185,'<p>&nbsp;&nbsp;</p>\n','','','<iframeiframe>','High','<p>&nbsp; &nbsp;&nbsp;</p>\n','Active','1','0','Live','00:02:00',1,'2020-10-10 13:43:11','2020-12-20 07:54:26'),(51,9,11,19,17,'<p>&nbsp;An inhalation aerosol contains 225 mg of metaproterenol sulfate, which is sufficient for 300 inhalations. How many micrograms of metaproterenol sulfate would be contained in 2 inhalation? Round to the nearest whole number. Do not include units.</p>\n','Detail',186,'<p>&nbsp; &nbsp;</p>\n','','','<iframeiframe>','Medium','<p>&nbsp; &nbsp;</p>\n','Active','1','0','Live','00:01:30',1,'2020-10-10 13:44:02','2020-12-20 07:54:29'),(52,9,15,27,25,'<p>What is 2+7?</p>\n','Detail',187,'<video width=\"100%\" height=\"100%\" id=\"pv_wGW7ifc7\" oncontextmenu=\"return false;\" controlslist=\"nodownload\" controls=\"\" poster=\"https://media.publit.io/file/DanquahPrepVideos/Chapter1/Chapter-1-question-5.jpg\"   playsinline ></video><script src=\"https://static.publit.io/js/hls.js\"></script><script>if (Hls.isSupported()) {var video = document.getElementById(\"pv_wGW7ifc7\");var hls = new Hls();hls.attachMedia(video);hls.on(Hls.Events.MEDIA_ATTACHED, function () {hls.loadSource(\"https://media.publit.io/file/DanquahPrepVideos/Chapter1/Chapter-1-question-5.m3u8\");});}</script>','','','<iframeiframe>','Low','<p>&nbsp; &nbsp;</p>\n','Active','1','0','Live','00:01:00',1,'2020-10-10 14:09:53','2020-12-20 07:54:32'),(53,9,8,13,11,'<p>A formula for 1250 tablets contains 6.25 grams (g) of diazepam. How many grams of diazepam should be used in preparing 620 tablets? Round answer to the nearest hundredth. Do not include units.</p>\n','Detail',188,'\n','','','<iframeiframe>','Low','<p>&nbsp; &nbsp; &nbsp;&nbsp;</p>\n','Active','1','0','Demo','00:01:00',1,'2020-10-12 15:11:44','2020-12-20 07:54:34'),(54,9,18,30,28,'<p>You need to prepare one gallon of Pluronic Gel 20% to make PLO. This consists of Pluronic F-127, NF 20% w/v and potassium sorbate, NF 0.2% w/v in water. How many grams of Pluronic F-127 will you need? Round to the nearest tenth. Do not include units.</p>\n','Detail',191,'<p>&nbsp; &nbsp;&nbsp;</p>\n','','','<iframeiframe>','Medium','<p>&nbsp; &nbsp;&nbsp;</p>\n','Active','1','0','Demo','00:01:00',1,'2020-10-12 15:17:42','2020-12-20 07:54:37'),(55,9,18,0,27,'<p>You need to prepare one gallon of Pluronic Gel 20% to make PLO. This consists of Pluronic F-127, NF 20% w/v and potassium sorbate, NF 0.2% w/v in water. How many grams of Pluronic F-127 will you need? Round to the nearest tenth. Do not include units.</p>\n','Detail',0,'<p>&nbsp; &nbsp; &nbsp;</p>\n','','','<iframeiframe>','Medium','<p>&nbsp; &nbsp; &nbsp;&nbsp;</p>\n','Active','1','0','Demo','00:01:00',1,'2020-10-12 15:17:48','2020-10-12 20:35:09'),(56,9,18,0,27,'<p>You need to prepare one gallon of Pluronic Gel 20% to make PLO. This consists of Pluronic F-127, NF 20% w/v and potassium sorbate, NF 0.2% w/v in water. How many grams of Pluronic F-127 will you need? Round to the nearest tenth. Do not include units.</p>\n','Detail',0,'<p>&nbsp; &nbsp; &nbsp;</p>\n','','','<iframeiframe>','Medium','<p>&nbsp; &nbsp; &nbsp;&nbsp;</p>\n','Active','1','0','Demo','00:01:00',1,'2020-10-12 15:19:15','2020-10-12 20:35:16'),(57,9,18,0,27,'<p>You need to prepare one gallon of Pluronic Gel 20% to make PLO. This consists of Pluronic F-127, NF 20% w/v and potassium sorbate, NF 0.2% w/v in water. How many grams of Pluronic F-127 will you need? Round to the nearest tenth. Do not include units.</p>\n','Detail',0,'<p>&nbsp; &nbsp; &nbsp; &nbsp;</p>\n','','','<iframeiframe>','Medium','<p>&nbsp; &nbsp; &nbsp; &nbsp; &nbsp;</p>\n','Active','1','0','Demo','00:01:00',1,'2020-10-12 15:19:36','2020-10-12 20:35:25'),(58,9,18,0,27,'<p>You need to prepare one gallon of Pluronic Gel 20% to make PLO. This consists of Pluronic F-127, NF 20% w/v and potassium sorbate, NF 0.2% w/v in water. How many grams of Pluronic F-127 will you need? Round to the nearest tenth. Do not include units.</p>\n','Detail',0,'<p>&nbsp; &nbsp; &nbsp; &nbsp;</p>\n','','','<iframeiframe>','Medium','<p>&nbsp; &nbsp; &nbsp; &nbsp; &nbsp;</p>\n','Active','1','0','Demo','00:01:00',1,'2020-10-12 15:21:10','2020-12-20 07:54:40'),(59,9,18,16,14,'<p>&nbsp;You receive the following formula for a wart solution:<br />\n<br />\nRx&nbsp; &nbsp; &nbsp; &nbsp; &nbsp;Lactic acid&nbsp; &nbsp; &nbsp; &nbsp; &nbsp; &nbsp; &nbsp; &nbsp; &nbsp; &nbsp; &nbsp; &nbsp; &nbsp;10% w/v<br />\n&nbsp; &nbsp; &nbsp; &nbsp; &nbsp; &nbsp; &nbsp; Salicylic acid&nbsp; &nbsp; &nbsp; &nbsp; &nbsp; &nbsp; &nbsp; &nbsp; &nbsp; &nbsp; &nbsp;10% w/v<br />\n&nbsp; &nbsp; &nbsp; &nbsp; &nbsp; &nbsp; &nbsp; Flexible collodion&nbsp; &nbsp;qs&nbsp; &nbsp; &nbsp;15 mL<br />\n<br />\nSalicylic acid is available as the powder and lactic acid is available as an 85% w/w solution with a specific gravity of 1.21. How many milliliters of lactic acid would be needed to prepare this solution? Round answer to the nearest hundredth. Do not include units.</p>\n','Detail',189,'<p>&nbsp; &nbsp;&nbsp;</p>\n','','','<iframeiframe>','Medium','<p>&nbsp; &nbsp; &nbsp;&nbsp;</p>\n','Active','1','0','Demo','00:01:30',1,'2020-10-12 15:23:35','2020-12-20 07:54:44'),(60,9,18,31,29,'<p>You need to prepare one gallon of Pluronic Gel 20% to make PLO. This consists of Pluronic F-127, NF 20% w/v and potassium sorbate, NF 0.2% w/v in water. How many grams of Pluronic F-127 will you need? Round to the nearest tenth. Do not include units.</p>\n','Detail',190,'<p>&nbsp; &nbsp;&nbsp;</p>\n','','','<iframeiframe>','Medium','<p>&nbsp; &nbsp;&nbsp;</p>\n','Active','1','0','Live','00:01:00',1,'2020-10-12 15:33:47','2020-12-20 07:54:49'),(61,9,18,33,31,'<p>One-half liter of solution for intravenous infusion contains 9 g of drug. How many milliliters of the solution would contain 2 mg of drug? Round answer to the nearest thousandth. Do not include units.</p>\n','Detail',192,'<p>&nbsp; &nbsp;</p>\n','','','<iframeiframe>','High','<p>&nbsp; &nbsp;&nbsp;</p>\n','Active','1','0','Demo','00:02:00',1,'2020-10-12 15:37:28','2020-12-20 07:54:52'),(62,9,18,33,31,'<p>A cough syrup has 4 grams of active ingredient per liter. How many milligrams are contained in 3 tablespoon dose of the elixir? Round answer to the nearest tenth. Do not include units.</p>\n','Detail',193,'<p>&nbsp; &nbsp;</p>\n','','','<iframeiframe>','Low','<p>&nbsp; &nbsp;&nbsp;</p>\n','Active','1','0','Demo','00:01:00',1,'2020-10-12 15:38:26','2020-12-20 07:54:55'),(63,9,18,0,0,'<p>You need to prepare one gallon of Pluronic Gel 20% to make PLO. This consists of Pluronic F-127, NF 20% w/v and potassium sorbate, NF 0.2% w/v in water. How many grams of Pluronic F-127 will you need? Round to the nearest tenth. Do not include units.</p>\n','Detail',0,'<p>&nbsp; &nbsp; &nbsp; &nbsp;</p>\n','','','<iframeiframe>','Medium','<p>&nbsp; &nbsp; &nbsp; &nbsp; &nbsp;</p>\n','Active','1','0','Demo','00:01:00',1,'2020-10-12 15:39:02','2020-12-20 07:54:58'),(64,9,18,32,30,'<p>You need to prepare one gallon of Pluronic Gel 20% to make PLO. This consists of Pluronic F-127, NF 20% w/v and potassium sorbate, NF 0.2% w/v in water. How many grams of Pluronic F-127 will you need? Round to the nearest tenth. Do not include units.</p>\n','Detail',194,'<p>&nbsp; &nbsp; &nbsp; &nbsp;</p>\n','','','<iframeiframe>','Medium','<p>&nbsp; &nbsp; &nbsp; &nbsp; &nbsp;</p>\n','Active','1','0','Demo','00:01:00',1,'2020-10-12 15:39:19','2020-12-20 07:55:00'),(65,9,18,30,28,'<p>If an intravenous fluid is adjusted to deliver 35 mg of medication to a patient per hour, how many milligrams of medication are delivered per half minute? Round answer to the nearest thousandth. Do not include units.</p>\n','Detail',195,'<p>&nbsp; &nbsp;</p>\n','','','<iframeiframe>','Low','<p>&nbsp; &nbsp;&nbsp;</p>\n','Active','1','0','Demo','00:01:00',1,'2020-10-12 15:40:06','2020-12-20 07:55:02'),(66,9,9,15,13,'<p>How many kcal are in 2 grams of protein?</p>\n','Detail',196,'<p>&nbsp;&nbsp;</p>\n','','','<iframeiframe>','Low','<p>&nbsp; &nbsp;</p>\n','Active','1','0','Live','00:01:00',1,'2020-10-14 11:25:08','2020-12-20 07:55:04'),(67,9,9,15,13,'<p>How many kcal are in 8 grams of carbohydrate?</p>\n','Detail',197,'<p>&nbsp; &nbsp;</p>\n','','','<iframeiframe>','Low','<p>&nbsp;&nbsp;</p>\n','Active','1','0','Demo','00:01:00',1,'2020-10-14 11:26:58','2020-12-20 07:55:07'),(68,9,9,15,13,'<p>How many kcals are in 6 grams of protein?</p>\n','Detail',198,'<p>&nbsp;&nbsp;</p>\n','','','<iframeiframe>','Low','<p>&nbsp; &nbsp;</p>\n','Active','1','0','Live','00:01:00',1,'2020-10-14 11:28:33','2020-12-20 07:55:11'),(69,5,4,2,0,'<p>2+2=?</p>\n','Detail',199,'<p>&nbsp; &nbsp;</p>\n','','','<iframeiframe>','Low','<p>&nbsp; &nbsp;&nbsp;</p>\n','Active','1','0','Demo','00:01:00',1,'2020-10-14 20:37:59','2020-12-20 07:55:14'),(70,9,19,34,32,'<p>What is the flow ratein ml/h if 1000 ml is administered&nbsp; over 20 hours?</p>\n','Detail',200,'<p><a href=\"https://jo.my/dskz1j\" target=\"_parent\">Solution</a></p>\n','','','<iframeiframe>','Low','','Active','1','0','Live','00:01:00',1,'2020-11-08 02:59:48','2020-12-20 07:53:16'),(71,9,21,35,33,'<p>What is the protein requirement in grams of a normal unstressed 70-kg male? Round to the nearest whole number. Do not include units.</p>\n','Detail',202,'<p><iframe frameborder=\"0\" height=\"720\" scrolling=\"no\" src=\"https://media.publit.io/file/NAPLEXCalculationsQuestionBank/TPN/Chapter-3-Question-1.html?player=RxCalc\" width=\"1280\"></iframe>..</p>\n\n<p>&nbsp;</p>\n','','','<iframe frameborder=\"0\" height=\"720\" scrolling=\"no\" src=\"https://media.publit.io/file/NAPLEXCalculationsQuestionBank/TPN/Chapter-3-Question-1.html?player=RxCalc\" width=\"1280\"></iframe>','Low','','Active','1','0','Live','00:01:30',1,'2020-12-20 08:00:04','2021-11-24 23:31:22'),(72,9,21,35,33,'<p>Using the Harris-Benedict equation, what is the Basal Energy Expenditure (BEE) of a 200 lb. 47-year-old 6-foot male? Round to the nearest whole number. Do not include units.</p>\n','Detail',204,'<p><iframe frameborder=\"0\" height=\"720\" scrolling=\"no\" src=\"https://media.publit.io/file/NAPLEXCalculationsQuestionBank/TPN/Chapter3-Question2.html?player=RxCalc\" width=\"1280\"></iframe></p>\n','','','<iframe frameborder=\"0\" height=\"720\" scrolling=\"no\" src=\"https://media.publit.io/file/NAPLEXCalculationsQuestionBank/TPN/Chapter3-Question2.html?player=RxCalc\" width=\"1280\"></iframe>','Low','<p>&nbsp;&nbsp;</p>\n','Active','1','0','Live','00:01:30',1,'2020-12-20 18:13:14','2021-11-24 23:30:36'),(73,9,21,35,33,'<p>What is the ideal body weight (IBW) in kilogram of a 25-year-old 6-foot male who weighs 80 kg? Round to the nearest tenth. Do not include units.</p>\n','Detail',206,'<p><iframe frameborder=\"0\" height=\"720\" scrolling=\"no\" src=\"https://media.publit.io/file/NAPLEXCalculationsQuestionBank/TPN/Chapter3-Question3.html?player=RxCalc\" width=\"1280\"></iframe></p>\n','','','<iframe frameborder=\"0\" height=\"720\" scrolling=\"no\" src=\"https://media.publit.io/file/NAPLEXCalculationsQuestionBank/TPN/Chapter3-Question3.html?player=RxCalc\" width=\"1280\"></iframe>','Low','','Active','1','0','Live','00:01:30',1,'2020-12-20 18:25:58','2021-11-24 23:30:39'),(74,9,21,35,33,'<p>What is the ideal body weight (IBW) in kilograms of a 32-year-old 5 ft 5 in female who weighs 55 kg? Round to the nearest whole number. Do not include units.</p>\r\n','Detail',208,'<p><iframe frameborder=\"0\" scrolling=\"no\" src=\"&lt;iframe width=&quot;853&quot; height=&quot;480&quot; src=&quot;https://www.youtube.com/embed/rD3vjDWcwVY&quot; title=&quot;YouTube video player&quot; frameborder=&quot;0&quot; allow=&quot;accelerometer; autoplay; clipboard-write; encrypted-media; gyroscope; picture-in-picture&quot; allowfullscreen&gt;&lt;/iframe&gt;\"></iframe></p>\r\n','','','<iframe frameborder=\"0\" scrolling=\"no\" src=\"&lt;iframe>','Low','','Active','1','0','Live','00:01:30',1,'2020-12-20 18:33:08','2021-11-24 23:30:42'),(75,9,21,35,33,'<p>What is the calorie requirement of a 77 year-old-male who weighs 155 lbs with a height of 5 ft 9 in with a calorie requirement of 25 kcal/kg using the IBW? Round to the nearest whole number. Do not include units.</p>\n\n<div style=\"background:initial; border:initial; margin-left:0px; margin-right:0px; padding:initial; text-align:initial\">&nbsp;</div>\n\n<div class=\"ms-editor-squiggler\" style=\"-webkit-app-region:initial; -webkit-border-image:initial; -webkit-box-align:initial; -webkit-box-decoration-break:initial; -webkit-box-direction:initial; -webkit-box-flex:initial; -webkit-box-ordinal-group:initial; -webkit-box-orient:initial; -webkit-box-pack:initial; -webkit-box-reflect:initial; -webkit-font-smoothing:initial; -webkit-highlight:initial; -webkit-hyphenate-character:initial; -webkit-line-break:initial; -webkit-line-clamp:initial; -webkit-locale:initial; -webkit-mask-box-image:initial; -webkit-mask-composite:initial; -webkit-mask:initial; -webkit-perspective-origin-x:initial; -webkit-perspective-origin-y:initial; -webkit-print-color-adjust:initial; -webkit-rtl-ordering:initial; -webkit-ruby-position:initial; -webkit-tap-highlight-color:initial; -webkit-text-combine:initial; -webkit-text-decorations-in-effect:initial; -webkit-text-emphasis-position:initial; -webkit-text-emphasis:initial; -webkit-text-fill-color:initial; -webkit-text-orientation:initial; -webkit-text-security:initial; -webkit-text-stroke:initial; -webkit-transform-origin-x:initial; -webkit-transform-origin-y:initial; -webkit-transform-origin-z:initial; -webkit-user-drag:initial; -webkit-user-modify:initial; -webkit-writing-mode:initial; alignment-baseline:initial; animation:initial; appearance:initial; aspect-ratio:initial; backdrop-filter:initial; backface-visibility:initial; background-blend-mode:initial; background:initial; baseline-shift:initial; block-size:initial; border-block:initial; border-collapse:initial; border-inline:initial; border-radius:initial; border-spacing:initial; border:initial; box-shadow:initial; box-sizing:initial; break-after:initial; break-before:initial; break-inside:initial; buffered-rendering:initial; caption-side:initial; caret-color:initial; clear:initial; clip-path:initial; clip-rule:initial; clip:initial; color-interpolation-filters:initial; color-interpolation:initial; color-rendering:initial; color-scheme:initial; color:initial; column-fill:initial; column-rule:initial; column-span:initial; columns:initial; contain-intrinsic-size:initial; contain:initial; content-visibility:initial; content:initial; counter-increment:initial; counter-reset:initial; counter-set:initial; cursor:initial; cx:initial; cy:initial; d:initial; display:block; dominant-baseline:initial; empty-cells:initial; fill-opacity:initial; fill-rule:initial; fill:initial; filter:initial; flex-flow:initial; flex:initial; float:initial; flood-color:initial; flood-opacity:initial; font-feature-settings:initial; font-kerning:initial; font-optical-sizing:initial; font-variation-settings:initial; font:initial; gap:initial; grid-area:initial; grid:initial; height:0px; hyphens:initial; image-orientation:initial; image-rendering:initial; inline-size:initial; inset-block:initial; inset-inline:initial; inset:initial; isolation:initial; letter-spacing:initial; lighting-color:initial; line-break:initial; list-style:initial; margin-block:initial; margin-bottom:0px; margin-inline:initial; margin-left:0px; margin-right:0px; margin-top:0px; marker:initial; mask-type:initial; mask:initial; max-block-size:initial; max-height:initial; max-inline-size:initial; max-width:initial; min-block-size:initial; min-height:initial; min-inline-size:initial; min-width:initial; mix-blend-mode:initial; object-fit:initial; object-position:initial; offset:initial; opacity:initial; order:initial; origin-trial-test-property:initial; orphans:initial; outline-offset:initial; outline:initial; overflow-anchor:initial; overflow-wrap:initial; overflow:initial; overscroll-behavior-block:initial; overscroll-behavior-inline:initial; overscroll-behavior:initial; padding-block:initial; padding-inline:initial; padding:initial; page-orientation:initial; page:initial; paint-order:initial; perspective-origin:initial; perspective:initial; place-content:initial; place-items:initial; place-self:initial; pointer-events:initial; position:initial; quotes:initial; r:initial; resize:initial; ruby-position:initial; rx:initial; ry:initial; scroll-behavior:initial; scroll-margin-block:initial; scroll-margin-inline:initial; scroll-margin:initial; scroll-padding-block:initial; scroll-padding-inline:initial; scroll-padding:initial; scroll-snap-align:initial; scroll-snap-stop:initial; scroll-snap-type:initial; shape-image-threshold:initial; shape-margin:initial; shape-outside:initial; shape-rendering:initial; size:initial; speak:initial; stop-color:initial; stop-opacity:initial; stroke-dasharray:initial; stroke-dashoffset:initial; stroke-linecap:initial; stroke-linejoin:initial; stroke-miterlimit:initial; stroke-opacity:initial; stroke-width:initial; stroke:initial; tab-size:initial; table-layout:initial; text-align-last:initial; text-align:initial; text-anchor:initial; text-combine-upright:initial; text-decoration-skip-ink:initial; text-decoration:initial; text-indent:initial; text-orientation:initial; text-overflow:initial; text-rendering:initial; text-shadow:initial; text-size-adjust:initial; text-transform:initial; text-underline-offset:initial; text-underline-position:initial; touch-action:initial; transform-box:initial; transform-origin:initial; transform-style:initial; transform:initial; transition:initial; user-select:initial; vector-effect:initial; vertical-align:initial; visibility:initial; white-space:initial; widows:initial; width:initial; will-change:initial; word-break:initial; word-spacing:initial; writing-mode:initial; x:initial; y:initial; z-index:initial; zoom:initial\">&nbsp;</div>\n','Detail',210,'<p><iframe frameborder=\"0\" height=\"720\" scrolling=\"no\" src=\"https://media.publit.io/file/NAPLEXCalculationsQuestionBank/TPN/Chapter3-Question5.html?player=RxCalc\" width=\"1280\"></iframe></p>\n','','','<iframe frameborder=\"0\" height=\"720\" scrolling=\"no\" src=\"https://media.publit.io/file/NAPLEXCalculationsQuestionBank/TPN/Chapter3-Question5.html?player=RxCalc\" width=\"1280\"></iframe>','Low','','Active','1','0','Live','00:01:30',1,'2020-12-20 18:43:33','2021-11-24 23:30:46'),(76,9,21,35,33,'<p>What is the fluid requirement in milliliters of a 50 y/o male who weighs 250 lbs if a factor of 30 mL/kg is to be used? Round to the nearest whole number. Do not include units.</p>\n\n<div style=\"background:initial; border:initial; margin-left:0px; margin-right:0px; padding:initial; text-align:initial\">&nbsp;</div>\n\n<div class=\"ms-editor-squiggler\" style=\"-webkit-app-region:initial; -webkit-border-image:initial; -webkit-box-align:initial; -webkit-box-decoration-break:initial; -webkit-box-direction:initial; -webkit-box-flex:initial; -webkit-box-ordinal-group:initial; -webkit-box-orient:initial; -webkit-box-pack:initial; -webkit-box-reflect:initial; -webkit-font-smoothing:initial; -webkit-highlight:initial; -webkit-hyphenate-character:initial; -webkit-line-break:initial; -webkit-line-clamp:initial; -webkit-locale:initial; -webkit-mask-box-image:initial; -webkit-mask-composite:initial; -webkit-mask:initial; -webkit-perspective-origin-x:initial; -webkit-perspective-origin-y:initial; -webkit-print-color-adjust:initial; -webkit-rtl-ordering:initial; -webkit-ruby-position:initial; -webkit-tap-highlight-color:initial; -webkit-text-combine:initial; -webkit-text-decorations-in-effect:initial; -webkit-text-emphasis-position:initial; -webkit-text-emphasis:initial; -webkit-text-fill-color:initial; -webkit-text-orientation:initial; -webkit-text-security:initial; -webkit-text-stroke:initial; -webkit-transform-origin-x:initial; -webkit-transform-origin-y:initial; -webkit-transform-origin-z:initial; -webkit-user-drag:initial; -webkit-user-modify:initial; -webkit-writing-mode:initial; alignment-baseline:initial; animation:initial; appearance:initial; aspect-ratio:initial; backdrop-filter:initial; backface-visibility:initial; background-blend-mode:initial; background:initial; baseline-shift:initial; block-size:initial; border-block:initial; border-collapse:initial; border-inline:initial; border-radius:initial; border-spacing:initial; border:initial; box-shadow:initial; box-sizing:initial; break-after:initial; break-before:initial; break-inside:initial; buffered-rendering:initial; caption-side:initial; caret-color:initial; clear:initial; clip-path:initial; clip-rule:initial; clip:initial; color-interpolation-filters:initial; color-interpolation:initial; color-rendering:initial; color-scheme:initial; color:initial; column-fill:initial; column-rule:initial; column-span:initial; columns:initial; contain-intrinsic-size:initial; contain:initial; content-visibility:initial; content:initial; counter-increment:initial; counter-reset:initial; counter-set:initial; cursor:initial; cx:initial; cy:initial; d:initial; display:block; dominant-baseline:initial; empty-cells:initial; fill-opacity:initial; fill-rule:initial; fill:initial; filter:initial; flex-flow:initial; flex:initial; float:initial; flood-color:initial; flood-opacity:initial; font-feature-settings:initial; font-kerning:initial; font-optical-sizing:initial; font-variation-settings:initial; font:initial; gap:initial; grid-area:initial; grid:initial; height:0px; hyphens:initial; image-orientation:initial; image-rendering:initial; inline-size:initial; inset-block:initial; inset-inline:initial; inset:initial; isolation:initial; letter-spacing:initial; lighting-color:initial; line-break:initial; list-style:initial; margin-block:initial; margin-bottom:0px; margin-inline:initial; margin-left:0px; margin-right:0px; margin-top:0px; marker:initial; mask-type:initial; mask:initial; max-block-size:initial; max-height:initial; max-inline-size:initial; max-width:initial; min-block-size:initial; min-height:initial; min-inline-size:initial; min-width:initial; mix-blend-mode:initial; object-fit:initial; object-position:initial; offset:initial; opacity:initial; order:initial; origin-trial-test-property:initial; orphans:initial; outline-offset:initial; outline:initial; overflow-anchor:initial; overflow-wrap:initial; overflow:initial; overscroll-behavior-block:initial; overscroll-behavior-inline:initial; overscroll-behavior:initial; padding-block:initial; padding-inline:initial; padding:initial; page-orientation:initial; page:initial; paint-order:initial; perspective-origin:initial; perspective:initial; place-content:initial; place-items:initial; place-self:initial; pointer-events:initial; position:initial; quotes:initial; r:initial; resize:initial; ruby-position:initial; rx:initial; ry:initial; scroll-behavior:initial; scroll-margin-block:initial; scroll-margin-inline:initial; scroll-margin:initial; scroll-padding-block:initial; scroll-padding-inline:initial; scroll-padding:initial; scroll-snap-align:initial; scroll-snap-stop:initial; scroll-snap-type:initial; shape-image-threshold:initial; shape-margin:initial; shape-outside:initial; shape-rendering:initial; size:initial; speak:initial; stop-color:initial; stop-opacity:initial; stroke-dasharray:initial; stroke-dashoffset:initial; stroke-linecap:initial; stroke-linejoin:initial; stroke-miterlimit:initial; stroke-opacity:initial; stroke-width:initial; stroke:initial; tab-size:initial; table-layout:initial; text-align-last:initial; text-align:initial; text-anchor:initial; text-combine-upright:initial; text-decoration-skip-ink:initial; text-decoration:initial; text-indent:initial; text-orientation:initial; text-overflow:initial; text-rendering:initial; text-shadow:initial; text-size-adjust:initial; text-transform:initial; text-underline-offset:initial; text-underline-position:initial; touch-action:initial; transform-box:initial; transform-origin:initial; transform-style:initial; transform:initial; transition:initial; user-select:initial; vector-effect:initial; vertical-align:initial; visibility:initial; white-space:initial; widows:initial; width:initial; will-change:initial; word-break:initial; word-spacing:initial; writing-mode:initial; x:initial; y:initial; z-index:initial; zoom:initial\">&nbsp;</div>\n','Detail',212,'<p><iframe frameborder=\"0\" height=\"720\" scrolling=\"no\" src=\"https://media.publit.io/file/NAPLEXCalculationsQuestionBank/TPN/Chapter3-Question6.html?player=RxCalc\" width=\"1280\"></iframe></p>\n','','','<iframe frameborder=\"0\" height=\"720\" scrolling=\"no\" src=\"https://media.publit.io/file/NAPLEXCalculationsQuestionBank/TPN/Chapter3-Question6.html?player=RxCalc\" width=\"1280\"></iframe>','Low','','Active','1','0','Live','00:01:30',1,'2020-12-20 18:52:11','2021-11-24 23:30:48'),(77,9,21,35,33,'<p>What is the amount of protein in grams needed by a 57 y/o female who weighs 124 lbs and has a protein requirement of 1 g/kg?&nbsp;Round to the nearest tenth. Do not include units.</p>\n\n<div style=\"background:initial; border:initial; margin-left:0px; margin-right:0px; padding:initial; text-align:initial\">&nbsp;</div>\n\n<div class=\"ms-editor-squiggler\" style=\"-webkit-app-region:initial; -webkit-border-image:initial; -webkit-box-align:initial; -webkit-box-decoration-break:initial; -webkit-box-direction:initial; -webkit-box-flex:initial; -webkit-box-ordinal-group:initial; -webkit-box-orient:initial; -webkit-box-pack:initial; -webkit-box-reflect:initial; -webkit-font-smoothing:initial; -webkit-highlight:initial; -webkit-hyphenate-character:initial; -webkit-line-break:initial; -webkit-line-clamp:initial; -webkit-locale:initial; -webkit-mask-box-image:initial; -webkit-mask-composite:initial; -webkit-mask:initial; -webkit-perspective-origin-x:initial; -webkit-perspective-origin-y:initial; -webkit-print-color-adjust:initial; -webkit-rtl-ordering:initial; -webkit-ruby-position:initial; -webkit-tap-highlight-color:initial; -webkit-text-combine:initial; -webkit-text-decorations-in-effect:initial; -webkit-text-emphasis-position:initial; -webkit-text-emphasis:initial; -webkit-text-fill-color:initial; -webkit-text-orientation:initial; -webkit-text-security:initial; -webkit-text-stroke:initial; -webkit-transform-origin-x:initial; -webkit-transform-origin-y:initial; -webkit-transform-origin-z:initial; -webkit-user-drag:initial; -webkit-user-modify:initial; -webkit-writing-mode:initial; alignment-baseline:initial; animation:initial; appearance:initial; aspect-ratio:initial; backdrop-filter:initial; backface-visibility:initial; background-blend-mode:initial; background:initial; baseline-shift:initial; block-size:initial; border-block:initial; border-collapse:initial; border-inline:initial; border-radius:initial; border-spacing:initial; border:initial; box-shadow:initial; box-sizing:initial; break-after:initial; break-before:initial; break-inside:initial; buffered-rendering:initial; caption-side:initial; caret-color:initial; clear:initial; clip-path:initial; clip-rule:initial; clip:initial; color-interpolation-filters:initial; color-interpolation:initial; color-rendering:initial; color-scheme:initial; color:initial; column-fill:initial; column-rule:initial; column-span:initial; columns:initial; contain-intrinsic-size:initial; contain:initial; content-visibility:initial; content:initial; counter-increment:initial; counter-reset:initial; counter-set:initial; cursor:initial; cx:initial; cy:initial; d:initial; display:block; dominant-baseline:initial; empty-cells:initial; fill-opacity:initial; fill-rule:initial; fill:initial; filter:initial; flex-flow:initial; flex:initial; float:initial; flood-color:initial; flood-opacity:initial; font-feature-settings:initial; font-kerning:initial; font-optical-sizing:initial; font-variation-settings:initial; font:initial; gap:initial; grid-area:initial; grid:initial; height:0px; hyphens:initial; image-orientation:initial; image-rendering:initial; inline-size:initial; inset-block:initial; inset-inline:initial; inset:initial; isolation:initial; letter-spacing:initial; lighting-color:initial; line-break:initial; list-style:initial; margin-block:initial; margin-bottom:0px; margin-inline:initial; margin-left:0px; margin-right:0px; margin-top:0px; marker:initial; mask-type:initial; mask:initial; max-block-size:initial; max-height:initial; max-inline-size:initial; max-width:initial; min-block-size:initial; min-height:initial; min-inline-size:initial; min-width:initial; mix-blend-mode:initial; object-fit:initial; object-position:initial; offset:initial; opacity:initial; order:initial; origin-trial-test-property:initial; orphans:initial; outline-offset:initial; outline:initial; overflow-anchor:initial; overflow-wrap:initial; overflow:initial; overscroll-behavior-block:initial; overscroll-behavior-inline:initial; overscroll-behavior:initial; padding-block:initial; padding-inline:initial; padding:initial; page-orientation:initial; page:initial; paint-order:initial; perspective-origin:initial; perspective:initial; place-content:initial; place-items:initial; place-self:initial; pointer-events:initial; position:initial; quotes:initial; r:initial; resize:initial; ruby-position:initial; rx:initial; ry:initial; scroll-behavior:initial; scroll-margin-block:initial; scroll-margin-inline:initial; scroll-margin:initial; scroll-padding-block:initial; scroll-padding-inline:initial; scroll-padding:initial; scroll-snap-align:initial; scroll-snap-stop:initial; scroll-snap-type:initial; shape-image-threshold:initial; shape-margin:initial; shape-outside:initial; shape-rendering:initial; size:initial; speak:initial; stop-color:initial; stop-opacity:initial; stroke-dasharray:initial; stroke-dashoffset:initial; stroke-linecap:initial; stroke-linejoin:initial; stroke-miterlimit:initial; stroke-opacity:initial; stroke-width:initial; stroke:initial; tab-size:initial; table-layout:initial; text-align-last:initial; text-align:initial; text-anchor:initial; text-combine-upright:initial; text-decoration-skip-ink:initial; text-decoration:initial; text-indent:initial; text-orientation:initial; text-overflow:initial; text-rendering:initial; text-shadow:initial; text-size-adjust:initial; text-transform:initial; text-underline-offset:initial; text-underline-position:initial; touch-action:initial; transform-box:initial; transform-origin:initial; transform-style:initial; transform:initial; transition:initial; user-select:initial; vector-effect:initial; vertical-align:initial; visibility:initial; white-space:initial; widows:initial; width:initial; will-change:initial; word-break:initial; word-spacing:initial; writing-mode:initial; x:initial; y:initial; z-index:initial; zoom:initial\">&nbsp;</div>\n','Detail',214,'<p><iframe frameborder=\"0\" height=\"720\" scrolling=\"no\" src=\"https://media.publit.io/file/NAPLEXCalculationsQuestionBank/TPN/Chapter3-Question7.html?player=RxCalc\" width=\"1280\"></iframe></p>\n','','','<iframe frameborder=\"0\" height=\"720\" scrolling=\"no\" src=\"https://media.publit.io/file/NAPLEXCalculationsQuestionBank/TPN/Chapter3-Question7.html?player=RxCalc\" width=\"1280\"></iframe>','Low','<p>&nbsp;&nbsp;</p>\n','Active','1','0','Live','00:01:30',1,'2020-12-20 19:02:31','2021-11-24 23:30:51'),(78,9,21,35,33,'<p>Calculate the kilocalories received by a patient who weighs 200 lbs and has a protein requirement of 1 g/kg?&nbsp;Round to the nearest whole number. Do not include units.</p>\n\n<div style=\"background:initial; border:initial; margin-left:0px; margin-right:0px; padding:initial; text-align:initial\">&nbsp;</div>\n\n<div class=\"ms-editor-squiggler\" style=\"-webkit-app-region:initial; -webkit-border-image:initial; -webkit-box-align:initial; -webkit-box-decoration-break:initial; -webkit-box-direction:initial; -webkit-box-flex:initial; -webkit-box-ordinal-group:initial; -webkit-box-orient:initial; -webkit-box-pack:initial; -webkit-box-reflect:initial; -webkit-font-smoothing:initial; -webkit-highlight:initial; -webkit-hyphenate-character:initial; -webkit-line-break:initial; -webkit-line-clamp:initial; -webkit-locale:initial; -webkit-mask-box-image:initial; -webkit-mask-composite:initial; -webkit-mask:initial; -webkit-perspective-origin-x:initial; -webkit-perspective-origin-y:initial; -webkit-print-color-adjust:initial; -webkit-rtl-ordering:initial; -webkit-ruby-position:initial; -webkit-tap-highlight-color:initial; -webkit-text-combine:initial; -webkit-text-decorations-in-effect:initial; -webkit-text-emphasis-position:initial; -webkit-text-emphasis:initial; -webkit-text-fill-color:initial; -webkit-text-orientation:initial; -webkit-text-security:initial; -webkit-text-stroke:initial; -webkit-transform-origin-x:initial; -webkit-transform-origin-y:initial; -webkit-transform-origin-z:initial; -webkit-user-drag:initial; -webkit-user-modify:initial; -webkit-writing-mode:initial; alignment-baseline:initial; animation:initial; appearance:initial; aspect-ratio:initial; backdrop-filter:initial; backface-visibility:initial; background-blend-mode:initial; background:initial; baseline-shift:initial; block-size:initial; border-block:initial; border-collapse:initial; border-inline:initial; border-radius:initial; border-spacing:initial; border:initial; box-shadow:initial; box-sizing:initial; break-after:initial; break-before:initial; break-inside:initial; buffered-rendering:initial; caption-side:initial; caret-color:initial; clear:initial; clip-path:initial; clip-rule:initial; clip:initial; color-interpolation-filters:initial; color-interpolation:initial; color-rendering:initial; color-scheme:initial; color:initial; column-fill:initial; column-rule:initial; column-span:initial; columns:initial; contain-intrinsic-size:initial; contain:initial; content-visibility:initial; content:initial; counter-increment:initial; counter-reset:initial; counter-set:initial; cursor:initial; cx:initial; cy:initial; d:initial; display:block; dominant-baseline:initial; empty-cells:initial; fill-opacity:initial; fill-rule:initial; fill:initial; filter:initial; flex-flow:initial; flex:initial; float:initial; flood-color:initial; flood-opacity:initial; font-feature-settings:initial; font-kerning:initial; font-optical-sizing:initial; font-variation-settings:initial; font:initial; gap:initial; grid-area:initial; grid:initial; height:0px; hyphens:initial; image-orientation:initial; image-rendering:initial; inline-size:initial; inset-block:initial; inset-inline:initial; inset:initial; isolation:initial; letter-spacing:initial; lighting-color:initial; line-break:initial; list-style:initial; margin-block:initial; margin-bottom:0px; margin-inline:initial; margin-left:0px; margin-right:0px; margin-top:0px; marker:initial; mask-type:initial; mask:initial; max-block-size:initial; max-height:initial; max-inline-size:initial; max-width:initial; min-block-size:initial; min-height:initial; min-inline-size:initial; min-width:initial; mix-blend-mode:initial; object-fit:initial; object-position:initial; offset:initial; opacity:initial; order:initial; origin-trial-test-property:initial; orphans:initial; outline-offset:initial; outline:initial; overflow-anchor:initial; overflow-wrap:initial; overflow:initial; overscroll-behavior-block:initial; overscroll-behavior-inline:initial; overscroll-behavior:initial; padding-block:initial; padding-inline:initial; padding:initial; page-orientation:initial; page:initial; paint-order:initial; perspective-origin:initial; perspective:initial; place-content:initial; place-items:initial; place-self:initial; pointer-events:initial; position:initial; quotes:initial; r:initial; resize:initial; ruby-position:initial; rx:initial; ry:initial; scroll-behavior:initial; scroll-margin-block:initial; scroll-margin-inline:initial; scroll-margin:initial; scroll-padding-block:initial; scroll-padding-inline:initial; scroll-padding:initial; scroll-snap-align:initial; scroll-snap-stop:initial; scroll-snap-type:initial; shape-image-threshold:initial; shape-margin:initial; shape-outside:initial; shape-rendering:initial; size:initial; speak:initial; stop-color:initial; stop-opacity:initial; stroke-dasharray:initial; stroke-dashoffset:initial; stroke-linecap:initial; stroke-linejoin:initial; stroke-miterlimit:initial; stroke-opacity:initial; stroke-width:initial; stroke:initial; tab-size:initial; table-layout:initial; text-align-last:initial; text-align:initial; text-anchor:initial; text-combine-upright:initial; text-decoration-skip-ink:initial; text-decoration:initial; text-indent:initial; text-orientation:initial; text-overflow:initial; text-rendering:initial; text-shadow:initial; text-size-adjust:initial; text-transform:initial; text-underline-offset:initial; text-underline-position:initial; touch-action:initial; transform-box:initial; transform-origin:initial; transform-style:initial; transform:initial; transition:initial; user-select:initial; vector-effect:initial; vertical-align:initial; visibility:initial; white-space:initial; widows:initial; width:initial; will-change:initial; word-break:initial; word-spacing:initial; writing-mode:initial; x:initial; y:initial; z-index:initial; zoom:initial\">&nbsp;</div>\n','Detail',216,'<p><iframe frameborder=\"0\" height=\"720\" scrolling=\"no\" src=\"https://media.publit.io/file/NAPLEXCalculationsQuestionBank/TPN/Chapter3-Question8.html?player=RxCalc\" width=\"1280\"></iframe></p>\n','','','<iframe frameborder=\"0\" height=\"720\" scrolling=\"no\" src=\"https://media.publit.io/file/NAPLEXCalculationsQuestionBank/TPN/Chapter3-Question8.html?player=RxCalc\" width=\"1280\"></iframe>','Low','<p>&nbsp; &nbsp;&nbsp;</p>\n','Active','1','0','Live','00:01:30',1,'2020-12-20 19:06:37','2021-11-24 23:30:54'),(79,9,21,35,33,'<p>Using the ASPEN guidelines (25 kcal/kg/day; stress factor=0.85), calculate the total daily energy requirement in kcal of a 50 y/o female who weighs 90 kg?&nbsp;Round to the nearest whole number. Do not include units.</p>\n','Detail',218,'<p><iframe frameborder=\"0\" height=\"720\" scrolling=\"no\" src=\"https://media.publit.io/file/NAPLEXCalculationsQuestionBank/TPN/Chapter3-Question9.html?player=RxCalc\" width=\"1280\"></iframe></p>\n','','','<iframe frameborder=\"0\" height=\"720\" scrolling=\"no\" src=\"https://media.publit.io/file/NAPLEXCalculationsQuestionBank/TPN/Chapter3-Question9.html?player=RxCalc\" width=\"1280\"></iframe>','Low','<p>&nbsp; &nbsp;</p>\n','Active','1','0','Live','00:01:30',1,'2020-12-20 19:10:30','2021-11-24 23:31:02'),(80,9,21,35,33,'<p>What is the daily maximum amount of dextrose in grams that a 30 y/o male weighing 300 lbs can receive in a PN? Round to the nearest whole number. Do not include units.</p>\n\n<div style=\"background:initial; border:initial; margin-left:0px; margin-right:0px; padding:initial; text-align:initial\">&nbsp;</div>\n\n<div class=\"ms-editor-squiggler\" style=\"-webkit-app-region:initial; -webkit-border-image:initial; -webkit-box-align:initial; -webkit-box-decoration-break:initial; -webkit-box-direction:initial; -webkit-box-flex:initial; -webkit-box-ordinal-group:initial; -webkit-box-orient:initial; -webkit-box-pack:initial; -webkit-box-reflect:initial; -webkit-font-smoothing:initial; -webkit-highlight:initial; -webkit-hyphenate-character:initial; -webkit-line-break:initial; -webkit-line-clamp:initial; -webkit-locale:initial; -webkit-mask-box-image:initial; -webkit-mask-composite:initial; -webkit-mask:initial; -webkit-perspective-origin-x:initial; -webkit-perspective-origin-y:initial; -webkit-print-color-adjust:initial; -webkit-rtl-ordering:initial; -webkit-ruby-position:initial; -webkit-tap-highlight-color:initial; -webkit-text-combine:initial; -webkit-text-decorations-in-effect:initial; -webkit-text-emphasis-position:initial; -webkit-text-emphasis:initial; -webkit-text-fill-color:initial; -webkit-text-orientation:initial; -webkit-text-security:initial; -webkit-text-stroke:initial; -webkit-transform-origin-x:initial; -webkit-transform-origin-y:initial; -webkit-transform-origin-z:initial; -webkit-user-drag:initial; -webkit-user-modify:initial; -webkit-writing-mode:initial; alignment-baseline:initial; animation:initial; appearance:initial; aspect-ratio:initial; backdrop-filter:initial; backface-visibility:initial; background-blend-mode:initial; background:initial; baseline-shift:initial; block-size:initial; border-block:initial; border-collapse:initial; border-inline:initial; border-radius:initial; border-spacing:initial; border:initial; box-shadow:initial; box-sizing:initial; break-after:initial; break-before:initial; break-inside:initial; buffered-rendering:initial; caption-side:initial; caret-color:initial; clear:initial; clip-path:initial; clip-rule:initial; clip:initial; color-interpolation-filters:initial; color-interpolation:initial; color-rendering:initial; color-scheme:initial; color:initial; column-fill:initial; column-rule:initial; column-span:initial; columns:initial; contain-intrinsic-size:initial; contain:initial; content-visibility:initial; content:initial; counter-increment:initial; counter-reset:initial; counter-set:initial; cursor:initial; cx:initial; cy:initial; d:initial; display:block; dominant-baseline:initial; empty-cells:initial; fill-opacity:initial; fill-rule:initial; fill:initial; filter:initial; flex-flow:initial; flex:initial; float:initial; flood-color:initial; flood-opacity:initial; font-feature-settings:initial; font-kerning:initial; font-optical-sizing:initial; font-variation-settings:initial; font:initial; gap:initial; grid-area:initial; grid:initial; height:0px; hyphens:initial; image-orientation:initial; image-rendering:initial; inline-size:initial; inset-block:initial; inset-inline:initial; inset:initial; isolation:initial; letter-spacing:initial; lighting-color:initial; line-break:initial; list-style:initial; margin-block:initial; margin-bottom:0px; margin-inline:initial; margin-left:0px; margin-right:0px; margin-top:0px; marker:initial; mask-type:initial; mask:initial; max-block-size:initial; max-height:initial; max-inline-size:initial; max-width:initial; min-block-size:initial; min-height:initial; min-inline-size:initial; min-width:initial; mix-blend-mode:initial; object-fit:initial; object-position:initial; offset:initial; opacity:initial; order:initial; origin-trial-test-property:initial; orphans:initial; outline-offset:initial; outline:initial; overflow-anchor:initial; overflow-wrap:initial; overflow:initial; overscroll-behavior-block:initial; overscroll-behavior-inline:initial; overscroll-behavior:initial; padding-block:initial; padding-inline:initial; padding:initial; page-orientation:initial; page:initial; paint-order:initial; perspective-origin:initial; perspective:initial; place-content:initial; place-items:initial; place-self:initial; pointer-events:initial; position:initial; quotes:initial; r:initial; resize:initial; ruby-position:initial; rx:initial; ry:initial; scroll-behavior:initial; scroll-margin-block:initial; scroll-margin-inline:initial; scroll-margin:initial; scroll-padding-block:initial; scroll-padding-inline:initial; scroll-padding:initial; scroll-snap-align:initial; scroll-snap-stop:initial; scroll-snap-type:initial; shape-image-threshold:initial; shape-margin:initial; shape-outside:initial; shape-rendering:initial; size:initial; speak:initial; stop-color:initial; stop-opacity:initial; stroke-dasharray:initial; stroke-dashoffset:initial; stroke-linecap:initial; stroke-linejoin:initial; stroke-miterlimit:initial; stroke-opacity:initial; stroke-width:initial; stroke:initial; tab-size:initial; table-layout:initial; text-align-last:initial; text-align:initial; text-anchor:initial; text-combine-upright:initial; text-decoration-skip-ink:initial; text-decoration:initial; text-indent:initial; text-orientation:initial; text-overflow:initial; text-rendering:initial; text-shadow:initial; text-size-adjust:initial; text-transform:initial; text-underline-offset:initial; text-underline-position:initial; touch-action:initial; transform-box:initial; transform-origin:initial; transform-style:initial; transform:initial; transition:initial; user-select:initial; vector-effect:initial; vertical-align:initial; visibility:initial; white-space:initial; widows:initial; width:initial; will-change:initial; word-break:initial; word-spacing:initial; writing-mode:initial; x:initial; y:initial; z-index:initial; zoom:initial\">&nbsp;</div>\n','Detail',220,'<p><iframe frameborder=\"0\" height=\"720\" scrolling=\"no\" src=\"https://media.publit.io/file/NAPLEXCalculationsQuestionBank/TPN/Chapter3-Question10.html?player=RxCalc\" width=\"1280\"></iframe></p>\n','','','<iframe frameborder=\"0\" height=\"720\" scrolling=\"no\" src=\"https://media.publit.io/file/NAPLEXCalculationsQuestionBank/TPN/Chapter3-Question10.html?player=RxCalc\" width=\"1280\"></iframe>','Low','<p>&nbsp;&nbsp;</p>\n','Active','1','0','Live','00:01:30',1,'2020-12-20 19:14:17','2021-11-24 23:31:05'),(81,9,21,35,33,'<p>What is the daily maximum amount of fat in grams that a 25 y/o male weighing 95 kg can receive in a PN? Round to the nearest whole number. Do not include units.</p>\n','Detail',222,'<p><iframe frameborder=\"0\" height=\"720\" scrolling=\"no\" src=\"https://media.publit.io/file/NAPLEXCalculationsQuestionBank/TPN/Chapter3-Question11.html?player=RxCalc\" width=\"1280\"></iframe></p>\n','','','<iframe frameborder=\"0\" height=\"720\" scrolling=\"no\" src=\"https://media.publit.io/file/NAPLEXCalculationsQuestionBank/TPN/Chapter3-Question11.html?player=RxCalc\" width=\"1280\"></iframe>','Low','<p>&nbsp; &nbsp;</p>\n','Active','1','0','Live','00:01:30',1,'2020-12-25 00:37:10','2021-11-24 23:31:20'),(82,9,21,35,33,'<p>How many kcal are in 87 g of protein? Round to the nearest whole number. Do not include units.</p>\n','Detail',224,'<p><iframe frameborder=\"0\" height=\"720\" scrolling=\"no\" src=\"https://media.publit.io/file/NAPLEXCalculationsQuestionBank/TPN/Chapter3-Question12.html?player=RxCalc\" width=\"1280\"></iframe></p>\n','','','<iframe frameborder=\"0\" height=\"720\" scrolling=\"no\" src=\"https://media.publit.io/file/NAPLEXCalculationsQuestionBank/TPN/Chapter3-Question12.html?player=RxCalc\" width=\"1280\"></iframe>','Low','<p>&nbsp; &nbsp; &nbsp; &nbsp;</p>\n','Active','1','0','Live','00:01:30',1,'2020-12-25 00:39:49','2021-11-24 23:31:11'),(83,9,21,35,33,'<p>How many grams of protein are equivalent to 225 kcal? Round to the nearest whole number. Do not include units.</p>\r\n','Detail',226,'<div><iframe frameborder=\"0\" height=\"534\" src=\"https://www.youtube.com/embed/Pwr_yzR4kA4\" title=\"YouTube video player\" width=\"949\"></iframe></div>\r\n','','','<div>\r\n<iframe width=\"949\" height=\"534\" src=\"https://www.youtube.com/embed/Pwr_yzR4kA4\" title=\"YouTube video player\" frameborder=\"0\" allow=\"accelerometer; autoplay; clipboard-write; encrypted-media; gyroscope; picture-in-picture\" allowfullscreen></iframe>','Low','<p>&nbsp;&nbsp;</p>\r\n','Active','1','0','Live','00:01:30',1,'2020-12-25 00:42:07','2021-11-24 23:31:17'),(84,9,21,35,33,'<p>How many kcal are in 310 g of carbohydrates? Round to the nearest whole number. Do not include units.</p>\n','Detail',228,'<p><iframe frameborder=\"0\" height=\"720\" scrolling=\"no\" src=\"https://media.publit.io/file/NAPLEXCalculationsQuestionBank/TPN/Chapter3-Question14.html?player=RxCalc\" width=\"1280\"></iframe></p>\n','','','<iframe frameborder=\"0\" height=\"720\" scrolling=\"no\" src=\"https://media.publit.io/file/NAPLEXCalculationsQuestionBank/TPN/Chapter3-Question14.html?player=RxCalc\" width=\"1280\"></iframe>','Low','<p>&nbsp; &nbsp; &nbsp;&nbsp;</p>\n','Active','1','0','Live','00:01:30',1,'2020-12-25 00:44:03','2021-11-24 23:31:14'),(85,9,21,35,33,'<p>How many grams of carbohydrates contain 500 kcal? Round to the nearest whole number. Do not include units.</p>\r\n','Detail',230,'<p><iframe frameborder=\"0\" height=\"720\" scrolling=\"no\" src=\"https://media.publit.io/file/NAPLEXCalculationsQuestionBank/TPN/Chapter3-Question15.html?player=RxCalc\" width=\"1280\"></iframe></p>\r\n','','','<div>\r\n<iframe width=\"853\" height=\"480\" src=\"https://www.youtube.com/embed/Fn6HDh_YBis\" title=\"YouTube video player\" frameborder=\"0\" allow=\"accelerometer; autoplay; clipboard-write; encrypted-media; gyroscope; picture-in-picture\" allowfullscreen></iframe>','Low','<p>&nbsp; &nbsp; &nbsp;</p>\r\n','Active','0','0','Live','00:01:30',1,'2020-12-25 00:46:49','2021-11-18 13:06:27'),(86,9,21,35,33,'<p>How many grams of carbohydrates contain 500 kcal? Round to the nearest whole number. Do not include units.</p>\n','Detail',0,'','','','<iframeiframe>','Low','<p>&nbsp; &nbsp; &nbsp;</p>\n','Active','1','0','Live','00:01:30',1,'2020-12-25 03:57:48','2020-12-25 03:58:19'),(87,9,21,35,33,'<p>How many grams of carbohydrates contain 500 kcal? Round to the nearest whole number. Do not include units.</p>\n','Detail',231,'<p>&nbsp;&nbsp;</p>\n','','','<iframeiframe>','Low','<p>&nbsp; &nbsp; &nbsp; &nbsp;</p>\n','Active','1','0','Live','00:01:30',1,'2020-12-25 03:57:52','2020-12-25 03:59:19'),(88,9,21,35,33,'<p>How many kcal are in 100 g of fat?&nbsp;Round to the nearest whole number. Do not include units.</p>\r\n','Detail',233,'<p>Explanation<br />\r\n&nbsp;</p>\r\n<div>\r\n<iframe width=\"1360\" height=\"643\" src=\"https://www.youtube.com/embed/Fn6HDh_YBis\" title=\"YouTube video player\" frameborder=\"0\" allow=\"accelerometer; autoplay; clipboard-write; encrypted-media; gyroscope; picture-in-picture\" allowfullscreen></iframe>\r\n</div>\r\n','','','<p>Alternative method.</p>\r\n\r\n<div>&nbsp;</div>\r\n','Low','<p>&nbsp; &nbsp;</p>\r\n','Active','1','0','Live','00:01:30',1,'2021-01-06 01:36:41','2021-11-24 23:31:27'),(89,9,21,35,33,'<p>How many grams of fat contains 1000 kcal?&nbsp;Round to the nearest whole number. Do not include units.</p>\n','Detail',235,'<p><iframe frameborder=\"0\" height=\"720\" scrolling=\"no\" src=\"https://media.publit.io/file/NAPLEXCalculationsQuestionBank/TPN/Chapter-3-Question-17.html?player=RxCalc\" width=\"1280\"></iframe></p>\n','','','<iframe frameborder=\"0\" height=\"720\" scrolling=\"no\" src=\"https://media.publit.io/file/NAPLEXCalculationsQuestionBank/TPN/Chapter-3-Question-17.html?player=RxCalc\" width=\"1280\"></iframe>','Low','<p>&nbsp; &nbsp; &nbsp; &nbsp;</p>\n','Active','0','0','Live','00:01:30',1,'2021-01-06 01:39:40','2021-02-25 04:39:54'),(90,9,21,35,33,'<p>Using the Harris-Benedict equation, calculate the Total Energy Expenditure (TEE) of a 37 y/o Asian female with a height of 66&rdquo; and weight of 150 lbs. She has a stress factor of 1.4 and activity factor of 1.2.&nbsp;Round to the nearest tenth. Do not include units.</p>\n','Detail',237,'<p><iframe frameborder=\"0\" height=\"720\" scrolling=\"no\" src=\"https://media.publit.io/file/NAPLEXCalculationsQuestionBank/TPN/Chapter-3-Question-18.html?player=RxCalc\" width=\"1280\"></iframe></p>\n','','','<iframe frameborder=\"0\" height=\"720\" scrolling=\"no\" src=\"https://media.publit.io/file/NAPLEXCalculationsQuestionBank/TPN/Chapter-3-Question-18.html?player=RxCalc\" width=\"1280\"></iframe>','Low','<p>&nbsp; &nbsp; &nbsp; &nbsp;</p>\n','Active','0','0','Live','00:01:30',1,'2021-01-06 01:41:58','2021-02-25 04:40:31'),(91,9,21,35,33,'<p>MS is a 42 y/o male who weighs 179 lbs with a stress factor of 1.1 and activity factor of 1.2 and needs 1.3 g/kg/day of protein. The pharmacy has amino acids 15% in stock. How many milliliters will be needed to fill the order?&nbsp;Round to the nearest whole number. Do not include units.</p>\n\n<div class=\"ms-editor-squiggler\" style=\"-webkit-app-region:initial; -webkit-border-image:initial; -webkit-box-align:initial; -webkit-box-decoration-break:initial; -webkit-box-direction:initial; -webkit-box-flex:initial; -webkit-box-ordinal-group:initial; -webkit-box-orient:initial; -webkit-box-pack:initial; -webkit-box-reflect:initial; -webkit-font-smoothing:initial; -webkit-highlight:initial; -webkit-hyphenate-character:initial; -webkit-line-break:initial; -webkit-line-clamp:initial; -webkit-locale:initial; -webkit-mask-box-image:initial; -webkit-mask-composite:initial; -webkit-mask:initial; -webkit-perspective-origin-x:initial; -webkit-perspective-origin-y:initial; -webkit-print-color-adjust:initial; -webkit-rtl-ordering:initial; -webkit-ruby-position:initial; -webkit-tap-highlight-color:initial; -webkit-text-combine:initial; -webkit-text-decorations-in-effect:initial; -webkit-text-emphasis-position:initial; -webkit-text-emphasis:initial; -webkit-text-fill-color:initial; -webkit-text-orientation:initial; -webkit-text-security:initial; -webkit-text-stroke:initial; -webkit-transform-origin-x:initial; -webkit-transform-origin-y:initial; -webkit-transform-origin-z:initial; -webkit-user-drag:initial; -webkit-user-modify:initial; -webkit-writing-mode:initial; alignment-baseline:initial; animation:initial; appearance:initial; aspect-ratio:initial; backdrop-filter:initial; backface-visibility:initial; background-blend-mode:initial; background:initial; baseline-shift:initial; block-size:initial; border-block:initial; border-collapse:initial; border-inline:initial; border-radius:initial; border-spacing:initial; border:initial; box-shadow:initial; box-sizing:initial; break-after:initial; break-before:initial; break-inside:initial; buffered-rendering:initial; caption-side:initial; caret-color:initial; clear:initial; clip-path:initial; clip-rule:initial; clip:initial; color-interpolation-filters:initial; color-interpolation:initial; color-rendering:initial; color-scheme:initial; color:initial; column-fill:initial; column-rule:initial; column-span:initial; columns:initial; contain-intrinsic-size:initial; contain:initial; content-visibility:initial; content:initial; counter-increment:initial; counter-reset:initial; counter-set:initial; cursor:initial; cx:initial; cy:initial; d:initial; display:block; dominant-baseline:initial; empty-cells:initial; fill-opacity:initial; fill-rule:initial; fill:initial; filter:initial; flex-flow:initial; flex:initial; float:initial; flood-color:initial; flood-opacity:initial; font-feature-settings:initial; font-kerning:initial; font-optical-sizing:initial; font-variation-settings:initial; font:initial; gap:initial; grid-area:initial; grid:initial; height:0px; hyphens:initial; image-orientation:initial; image-rendering:initial; inline-size:initial; inset-block:initial; inset-inline:initial; inset:initial; isolation:initial; letter-spacing:initial; lighting-color:initial; line-break:initial; list-style:initial; margin-block:initial; margin-bottom:0px; margin-inline:initial; margin-left:0px; margin-right:0px; margin-top:0px; marker:initial; mask-type:initial; mask:initial; max-block-size:initial; max-height:initial; max-inline-size:initial; max-width:initial; min-block-size:initial; min-height:initial; min-inline-size:initial; min-width:initial; mix-blend-mode:initial; object-fit:initial; object-position:initial; offset:initial; opacity:initial; order:initial; origin-trial-test-property:initial; orphans:initial; outline-offset:initial; outline:initial; overflow-anchor:initial; overflow-wrap:initial; overflow:initial; overscroll-behavior-block:initial; overscroll-behavior-inline:initial; overscroll-behavior:initial; padding-block:initial; padding-inline:initial; padding:initial; page-orientation:initial; page:initial; paint-order:initial; perspective-origin:initial; perspective:initial; place-content:initial; place-items:initial; place-self:initial; pointer-events:initial; position:initial; quotes:initial; r:initial; resize:initial; ruby-position:initial; rx:initial; ry:initial; scroll-behavior:initial; scroll-margin-block:initial; scroll-margin-inline:initial; scroll-margin:initial; scroll-padding-block:initial; scroll-padding-inline:initial; scroll-padding:initial; scroll-snap-align:initial; scroll-snap-stop:initial; scroll-snap-type:initial; shape-image-threshold:initial; shape-margin:initial; shape-outside:initial; shape-rendering:initial; size:initial; speak:initial; stop-color:initial; stop-opacity:initial; stroke-dasharray:initial; stroke-dashoffset:initial; stroke-linecap:initial; stroke-linejoin:initial; stroke-miterlimit:initial; stroke-opacity:initial; stroke-width:initial; stroke:initial; tab-size:initial; table-layout:initial; text-align-last:initial; text-align:initial; text-anchor:initial; text-combine-upright:initial; text-decoration-skip-ink:initial; text-decoration:initial; text-indent:initial; text-orientation:initial; text-overflow:initial; text-rendering:initial; text-shadow:initial; text-size-adjust:initial; text-transform:initial; text-underline-offset:initial; text-underline-position:initial; touch-action:initial; transform-box:initial; transform-origin:initial; transform-style:initial; transform:initial; transition:initial; user-select:initial; vector-effect:initial; vertical-align:initial; visibility:initial; white-space:initial; widows:initial; width:initial; will-change:initial; word-break:initial; word-spacing:initial; writing-mode:initial; x:initial; y:initial; z-index:initial; zoom:initial\">&nbsp;</div>\n','Detail',239,'<p><iframe frameborder=\"0\" height=\"720\" scrolling=\"no\" src=\"https://media.publit.io/file/NAPLEXCalculationsQuestionBank/TPN/Chapter-3-Question-19.html?player=RxCalc\" width=\"1280\"></iframe></p>\n','','','<iframe frameborder=\"0\" height=\"720\" scrolling=\"no\" src=\"https://media.publit.io/file/NAPLEXCalculationsQuestionBank/TPN/Chapter-3-Question-19.html?player=RxCalc\" width=\"1280\"></iframe>','Medium','<p>&nbsp; &nbsp; &nbsp;</p>\n','Active','1','0','Live','00:01:30',1,'2021-01-06 01:45:40','2021-11-24 23:57:38'),(92,9,21,35,33,'<p>JZ is getting 112 g of protein per day from amino acid 10% solution. If JZ weighs 93 kg and is 6&rsquo;2&rdquo; tall, how many kcal is he receiving per day?&nbsp;Round to the nearest whole number. Do not include units.</p>\n','Detail',241,'<p><iframe frameborder=\"0\" height=\"720\" scrolling=\"no\" src=\"https://media.publit.io/file/NAPLEXCalculationsQuestionBank/TPN/Chapter-3-Question-20.html?player=RxCalc\" width=\"1280\"></iframe></p>\n','','','<iframe frameborder=\"0\" height=\"720\" scrolling=\"no\" src=\"https://media.publit.io/file/NAPLEXCalculationsQuestionBank/TPN/Chapter-3-Question-20.html?player=RxCalc\" width=\"1280\"></iframe>','Medium','<p>&nbsp; &nbsp; &nbsp; &nbsp;</p>\n','Active','1','0','Live','00:01:30',1,'2021-01-06 01:50:10','2021-11-24 23:33:59'),(93,9,21,35,33,'<p>JZ is getting 112 g of protein per day from amino acid 10% solution. If JZ weighs 93 kg and is 6&rsquo;2&rdquo; tall, how many kcal is he receiving per day?&nbsp;Round to the nearest whole number. Do not include units.</p>\n','Detail',242,'<script src=\"https://rxcalculations.cdn.spotlightr.com/assets/spotlightr.js\"></script><a class=\"fancyboxIframe spotlightr \" href=\"https://rxcalculations.cdn.spotlightr.com/watch/MTA4MDc4Mw==\" data-playerid=\"MTA4MDc4Mw==\" data-fancybox-type=\"iframe\">Play the video</a>\n','','','<iframe\">Play the video</a>\niframe>','High','<p>&nbsp; &nbsp; &nbsp; &nbsp;</p>\n','Active','1','0','Live','00:01:30',1,'2021-02-21 22:59:46','2021-02-21 23:35:58'),(94,9,21,35,33,'<p>JZ is getting 112 g of protein per day from amino acid 10% solution. If JZ weighs 93 kg and is 6&rsquo;2&rdquo; tall, how many kcal is he receiving per day?&nbsp;Round to the nearest whole number. Do not include units.</p>\n','Detail',243,'<p><iframe frameborder=\"0\" height=\"720\" scrolling=\"no\" src=\"https://media.publit.io/file/NAPLEXCalculationsQuestionBank/TPN/Chapter-3-Question-20.html?player=RxCalc\" width=\"1280\"></iframe></p>\n','','','<iframe frameborder=\"0\" height=\"720\" scrolling=\"no\" src=\"https://media.publit.io/file/NAPLEXCalculationsQuestionBank/TPN/Chapter-3-Question-20.html?player=RxCalc\" width=\"1280\"></iframe>','Medium','<p>&nbsp; &nbsp; &nbsp; &nbsp;</p>\n','Active','1','0','Live','00:01:30',1,'2021-02-26 22:17:15','2021-02-26 22:20:59'),(95,9,21,35,33,'<p>JZ is getting 112 g of protein per day from amino acid 10% solution. If JZ weighs 93 kg and is 6&rsquo;2&rdquo; tall, how many kcal is he receiving per day?&nbsp;Round to the nearest whole number. Do not include units.</p>\n','Detail',244,'<p><iframe frameborder=\"0\" height=\"720\" scrolling=\"no\" src=\"https://media.publit.io/file/NAPLEXCalculationsQuestionBank/TPN/Chapter-3-Question-20.html?player=RxCalc\" width=\"1280\"></iframe></p>\n','','','<iframe frameborder=\"0\" height=\"720\" scrolling=\"no\" src=\"https://media.publit.io/file/NAPLEXCalculationsQuestionBank/TPN/Chapter-3-Question-20.html?player=RxCalc\" width=\"1280\"></iframe>','High','<p>&nbsp; &nbsp; &nbsp; &nbsp;</p>\n','Active','1','0','Live','00:01:30',1,'2021-02-26 22:21:50','2021-02-26 22:26:00'),(96,9,21,35,33,'<p>Convert 1.5 grams of nitroglycerine to microgram.</p>\n','Detail',246,'<p><iframe frameborder=\"0\" height=\"315\" scrolling=\"no\" src=\"https://iframe.mediadelivery.net/embed/6441/743447c9-c327-4f2c-a1b7-31749fb41470?autoplay=true\" width=\"560\"></iframe></p>\n','','','<iframe frameborder=\"0\" height=\"315\" scrolling=\"no\" src=\"https://iframe>','High','<p>&nbsp;&nbsp;</p>\n','Active','1','0','Live','00:01:00',1,'2021-06-06 01:52:38','2021-11-24 23:33:52'),(97,9,21,35,33,'<p>How many kcals are obtained from one gram of protein?</p>\n','Detail',248,'<p>4 kcals</p>\n\n<video oncontextmenu=\"return false;\" controlslist=\"nodownload\" controls=\"\" poster=\"https://media.publit.io/file/NAPLEXCalculationsQuestionBank/FlowRateCalculations/Chapter-15-Question-1-weboptimized.jpg\"   playsinline ><source src=\"https://media.publit.io/file/h_480/NAPLEXCalculationsQuestionBank/FlowRateCalculations/Chapter-15-Question-1-weboptimized.webm\" type=\"video/webm\"><source src=\"https://media.publit.io/file/h_480/NAPLEXCalculationsQuestionBank/FlowRateCalculations/Chapter-15-Question-1-weboptimized.mp4\" type=\"video/mp4\"><source src=\"https://media.publit.io/file/h_480/NAPLEXCalculationsQuestionBank/FlowRateCalculations/Chapter-15-Question-1-weboptimized.ogv\" type=\"video/ogv\"></video>\n','','','<iframeiframe>','Low','','Active','1','0','Live','00:00:30',1,'2021-07-29 19:34:01','2021-07-29 19:52:18'),(98,9,21,35,33,'<p>How many kilocal do you get from 1 gram of dextrose?</p>\n','Detail',250,'<p>3.4</p>\n\n<video oncontextmenu=\"return false;\" controlslist=\"nodownload\" controls=\"\" poster=\"https://media.publit.io/file/NAPLEXCalculationsQuestionBank/OsmolarityCalculations/Chapter-9-Question-43-weboptimized.jpg\"   playsinline ><source src=\"https://media.publit.io/file/h_480/NAPLEXCalculationsQuestionBank/OsmolarityCalculations/Chapter-9-Question-43-weboptimized.webm\" type=\"video/webm\"><source src=\"https://media.publit.io/file/h_480/NAPLEXCalculationsQuestionBank/OsmolarityCalculations/Chapter-9-Question-43-weboptimized.mp4\" type=\"video/mp4\"><source src=\"https://media.publit.io/file/h_480/NAPLEXCalculationsQuestionBank/OsmolarityCalculations/Chapter-9-Question-43-weboptimized.ogv\" type=\"video/ogv\"></video>\n','','','<iframeiframe>','Low','','Active','1','0','Live','00:00:30',1,'2021-07-30 00:14:03','2021-07-30 00:22:02'),(99,9,21,35,33,'<p>How many kcal are in a gram of protein?</p>\n','Detail',252,'<p>4 kcal</p>\n\n<p>&nbsp;</p>\n<video oncontextmenu=\"return false;\" controlslist=\"nodownload\" controls=\"\" poster=\"https://media.publit.io/file/NAPLEXCalculationsQuestionBank/OsmolarityCalculations/Chapter-9-Question-43-weboptimized.jpg\"   playsinline ><source src=\"https://media.publit.io/file/h_480/NAPLEXCalculationsQuestionBank/OsmolarityCalculations/Chapter-9-Question-43-weboptimized.webm\" type=\"video/webm\"><source src=\"https://media.publit.io/file/h_480/NAPLEXCalculationsQuestionBank/OsmolarityCalculations/Chapter-9-Question-43-weboptimized.mp4\" type=\"video/mp4\"><source src=\"https://media.publit.io/file/h_480/NAPLEXCalculationsQuestionBank/OsmolarityCalculations/Chapter-9-Question-43-weboptimized.ogv\" type=\"video/ogv\"></video>\n','','','<iframeiframe>','Low','','Active','1','0','Live','00:00:30',1,'2021-07-30 00:27:19','2021-07-30 00:51:22'),(100,9,21,35,33,'<p>How many kcal are in 1 gram of dextrose? Do not include units.</p>\n','Detail',254,'<p><iframe frameborder=\"0\" scrolling=\"no\" src=\"https://www.youtube.com/embed/2rve4MYvOSY\"></iframe>3.4</p>\n','','','<iframe frameborder=\"0\" scrolling=\"no\" src=\"https://www.youtube.com/embed/2rve4MYvOSY\"></iframe>','Low','','Active','1','0','Live','00:00:30',1,'2021-07-30 12:50:15','2021-07-30 12:58:12'),(101,9,21,35,33,'<p>How many kcal are in 2 grams of dextrose? Do not include units.</p>\r\n','Detail',256,'<p><iframe frameborder=\"0\" scrolling=\"no\" src=\"https://www.youtube.com/embed/2rve4MYvOSY\"></iframe>6.8</p>\r\n','','','<iframe frameborder=\"0\" scrolling=\"no\" src=\"https://www.youtube.com/embed/2rve4MYvOSY\"></iframe>','Low','<p><iframe frameborder=\"0\" scrolling=\"no\" src=\"https://www.youtube.com/embed/2rve4MYvOSY\"></iframe></p>\r\n','Active','1','0','Live','00:01:00',1,'2021-07-30 13:00:57','2021-11-24 23:31:44'),(102,9,21,35,33,'<p>How many kcals are in 2 grams of dextrose? Do not include units.</p>\n','Detail',258,'<p>6.8</p>\n\n<iframe width=\"560\" height=\"315\" src=\"https://www.youtube.com/embed/2rve4MYvOSY\" title=\"YouTube video player\" frameborder=\"0\" allow=\"accelerometer; autoplay; clipboard-write; encrypted-media; gyroscope; picture-in-picture\" allowfullscreen></iframe>\n','','','<iframe width=\"560\" height=\"315\" src=\"https://www.youtube.com/embed/2rve4MYvOSY\" title=\"YouTube video player\" frameborder=\"0\" allow=\"accelerometer; autoplay; clipboard-write; encrypted-media; gyroscope; picture-in-picture\" allowfullscreen></iframe>','Low','','Active','1','0','Live','00:00:30',1,'2021-07-30 13:05:32','2021-07-30 13:07:49'),(103,9,21,35,33,'<p>How many kcals are in 3 grams of dextrose? Do not include units.</p>\r\n','Detail',260,'\r\n','mockup-15-69390691510536513-large.jpg','Calculations Workshop_RxCalculations.png','<iframeiframe>','Low','<p>This is a TPN question</p>\r\n','Active','1','0','Live','00:00:30',1,'2021-07-30 13:08:52','2021-11-24 23:33:49'),(104,9,21,35,33,'<p>How many kcals are in 5&nbsp;grams of dextrose? Do not include units.</p>\r\n','Detail',262,'<p>The correct answer is 17.<br />\r\n<iframe frameborder=\"0\" scrolling=\"no\" src=\"https://www.youtube.com/embed/WcK-kAvmspI\"></iframe></p>\r\n\r\n<p>&nbsp;</p>\r\n\r\n<p>&nbsp;</p>\r\n','','','<iframe frameborder=\"0\" scrolling=\"no\" src=\"https://www.youtube.com/embed/WcK-kAvmspI\"></iframe>','High','<p>&nbsp; &nbsp;&nbsp;</p>\r\n','Active','1','0','Live','00:01:00',1,'2021-10-03 16:20:23','2021-11-24 23:33:55'),(105,9,21,35,33,'<p>what is the ideal body weight of the 6 feet man</p>\r\n','MCQs',263,'<p><iframe frameborder=\"0\" scrolling=\"no\" src=\"https://www.youtube.com/embed/rD3vjDWcwVY\"></iframe></p>\r\n','98-987210_dumbbell-clipart-exercise-symbol-transparent-exercise-clip-art.png','biking.jpg','<iframe frameborder=\"0\" scrolling=\"no\" src=\"https://www.youtube.com/embed/rD3vjDWcwVY\"></iframe>','Low','<p>HINT ADDED</p>\r\n','Active','1','0','Live','01:20:23',1,'2021-10-04 07:12:05','2021-11-24 23:33:45'),(106,9,21,35,33,'<p>How many kcals do you get from 7 grams of dextrose. Round answer to the nearest tenth. Do not include units.</p>\r\n','Detail',266,'<p>The correct answer is 23.8</p>\r\n\r\n<p>&nbsp;</p>\r\n\r\n<p>&nbsp;</p>\r\n\r\n<div>&nbsp;</div>\r\n\r\n<div>\r\n<div>\r\n<div><iframe frameborder=\"0\" scrolling=\"no\" src=\"https://www.youtube.com/embed/WcK-kAvmspI\"></iframe></div>\r\n</div>\r\n</div>\r\n','','','<iframe frameborder=\"0\" scrolling=\"no\" src=\"https://www.youtube.com/embed/WcK-kAvmspI\"></iframe>','Medium','<p>&nbsp;&nbsp;</p>\r\n','Active','1','0','Live','00:01:02',1,'2021-10-05 20:41:12','2021-11-24 23:31:31'),(107,9,21,35,33,'<p>test</p>\r\n','MCQs',267,'<p>dd</p>\r\n','download.jpg','','<div>dd</div>\r\n','High','<p>https://www.youtube.com/embed/hkxT0nR6dxY</p>\r\n','Active','1','0','Live','00:00:08',1,'2021-11-16 07:18:30','2021-11-24 23:31:36'),(108,9,21,35,33,'<p>How many kilocals are in 10 gram of protein?</p>\n','Detail',269,'<p>&nbsp;&nbsp;</p>\n<div><div style=\"left: 0; width: 100%; height: 0; position: relative; padding-bottom: 82.71%;\"><figure style=\"left: 0; width: 100%; height: 0; position: relative; padding-bottom: 82.71%; margin-block-end: 0; margin-block-start: 0; margin-inline-start: 0; margin-inline-end: 0;\" ><iframe src=\"https://media.publit.io/file/NAPLEXCalculationsQuestionBank/DilutionandConcentrationCalculations/Chapter-5-Question-40-weboptimized.html\" scrolling=\"no\" style=\"border: 0; top: 0; left: 0; width: 100%; height: 100%; position: absolute; overflow:hidden;\" allowfullscreen=\"\"></iframe></figure></div></div>','','','<p>&nbsp;&nbsp;</p>\n','High','<p>&nbsp;&nbsp;</p>\n','Active','1','0','Live','00:01:00',1,'2021-11-17 20:51:07','2021-11-24 23:31:40'),(109,9,21,35,33,'<p>How many kilocalories are in 8 grams of protein?</p>\n','Detail',271,'<div><div style=\"left: 0; width: 100%; height: 0; position: relative; padding-bottom: 82.71%;\"><figure style=\"left: 0; width: 100%; height: 0; position: relative; padding-bottom: 82.71%; margin-block-end: 0; margin-block-start: 0; margin-inline-start: 0; margin-inline-end: 0;\" ><iframe src=\"https://media.publit.io/file/NAPLEXCalculationsQuestionBank/DilutionandConcentrationCalculations/Chapter-5-Question-40-weboptimized.html?player=RxCalc\" scrolling=\"no\" style=\"border: 0; top: 0; left: 0; width: 100%; height: 100%; position: absolute; overflow:hidden;\" allowfullscreen=\"\"></iframe></figure></div></div>\n','','','','High','<p>&nbsp;&nbsp;</p>\n','Active','1','0','Live','00:01:20',1,'2021-11-17 23:24:58','2021-11-24 23:30:25'),(110,9,21,36,34,'<p>Calculate the osmolarity of a solution containing 5% anhydrous dextrose in water for injection (mw: 180). Round to the nearest whole number. Do not include units.</p>\n','Detail',273,'<div><div style=\"left: 0; width: 100%; height: 0; position: relative; padding-bottom: 82.71%;\"><figure style=\"left: 0; width: 100%; height: 0; position: relative; padding-bottom: 82.71%; margin-block-end: 0; margin-block-start: 0; margin-inline-start: 0; margin-inline-end: 0;\" ><iframe src=\"https://media.publit.io/file/NAPLEXCalculationsQuestionBank/OsmolarityCalculations/Chapter-9-Question-1-weboptimized.html?player=RxCalc\" scrolling=\"no\" style=\"border: 0; top: 0; left: 0; width: 100%; height: 100%; position: absolute; overflow:hidden;\" allowfullscreen=\"\"></iframe></figure></div></div>','','','','Low','','Active','0','0','Live','00:01:30',1,'2021-11-24 23:57:19','2021-11-25 11:21:24'),(111,9,21,36,34,'<p>A solution contains 312 mg of K+ ions per 200 mL. How many milliosmoles are represented in a liter of the solution? Round to the nearest whole number. Do not include units.</p>\n','Detail',275,'<div><div style=\"left: 0; width: 100%; height: 0; position: relative; padding-bottom: 82.71%;\"><figure style=\"left: 0; width: 100%; height: 0; position: relative; padding-bottom: 82.71%; margin-block-end: 0; margin-block-start: 0; margin-inline-start: 0; margin-inline-end: 0;\" ><iframe src=\"https://media.publit.io/file/NAPLEXCalculationsQuestionBank/OsmolarityCalculations/Chapter-9-Question-2-weboptimized.html?player=RxCalc\" scrolling=\"no\" style=\"border: 0; top: 0; left: 0; width: 100%; height: 100%; position: absolute; overflow:hidden;\" allowfullscreen=\"\"></iframe></figure></div></div>','','','','Medium','','Active','0','0','Live','00:01:30',1,'2021-11-25 21:00:15','2021-11-26 03:49:50'),(112,9,21,36,34,'<p>What is the osmolar strength of a solution containing 20 mg of CaCl2 (MW = 111) per 100 mL? Round to the nearest tenth. Do not include units.</p>\n','Detail',280,'<div><div style=\"left: 0; width: 100%; height: 0; position: relative; padding-bottom: 82.71%;\"><figure style=\"left: 0; width: 100%; height: 0; position: relative; padding-bottom: 82.71%; margin-block-end: 0; margin-block-start: 0; margin-inline-start: 0; margin-inline-end: 0;\" ><iframe src=\"https://media.publit.io/file/NAPLEXCalculationsQuestionBank/OsmolarityCalculations/Chapter-9-Question-3-weboptimized.html?player=RxCalc\" scrolling=\"no\" style=\"border: 0; top: 0; left: 0; width: 100%; height: 100%; position: absolute; overflow:hidden;\" allowfullscreen=\"\"></iframe></figure></div></div>','','','<p>&nbsp;&nbsp;</p>\n','High','','Active','0','0','Live','00:01:30',1,'2021-11-25 21:02:27','2021-11-26 03:53:32'),(113,9,21,36,34,'<p>How many milliosmoles are represented in a liter of a 3% sodium chloride solution? Round to the nearest whole number. Do not include units.</p>\n','Detail',281,'<div><div style=\"left: 0; width: 100%; height: 0; position: relative; padding-bottom: 82.71%;\"><figure style=\"left: 0; width: 100%; height: 0; position: relative; padding-bottom: 82.71%; margin-block-end: 0; margin-block-start: 0; margin-inline-start: 0; margin-inline-end: 0;\" ><iframe src=\"https://media.publit.io/file/NAPLEXCalculationsQuestionBank/OsmolarityCalculations/Chapter-9-Question-4-weboptimized.html?player=RxCalc\" scrolling=\"no\" style=\"border: 0; top: 0; left: 0; width: 100%; height: 100%; position: absolute; overflow:hidden;\" allowfullscreen=\"\"></iframe></figure></div></div>\n','','','<p>&nbsp; &nbsp;</p>\n','Low','','Active','0','0','Live','00:01:30',1,'2021-11-25 21:05:52','2021-11-26 03:56:42'),(114,9,21,36,34,'<p>Calculate the osmolarity of anhydrous dextrose in the following parenteral fluid</p>\n\n<p>Dextrose, anhydrous &nbsp; &nbsp; &nbsp; &nbsp; 25 g</p>\n\n<p>Sodium Chloride&nbsp; &nbsp; &nbsp; &nbsp; &nbsp; &nbsp; &nbsp; &nbsp;2.5 g</p>\n\n<p>Potassium Chloride&nbsp; &nbsp; &nbsp; &nbsp; &nbsp; &nbsp;0.49 g</p>\n\n<p>Water for Injection &nbsp; ad&nbsp; &nbsp; &nbsp; 1000 mL</p>\n\n<p>Round to the nearest whole number. Do not include units.</p>\n','Detail',282,'<div><div style=\"left: 0; width: 100%; height: 0; position: relative; padding-bottom: 82.71%;\"><figure style=\"left: 0; width: 100%; height: 0; position: relative; padding-bottom: 82.71%; margin-block-end: 0; margin-block-start: 0; margin-inline-start: 0; margin-inline-end: 0;\" ><iframe src=\"https://media.publit.io/file/NAPLEXCalculationsQuestionBank/OsmolarityCalculations/Chapter-9-Question-5-weboptimized.html?player=RxCalc\" scrolling=\"no\" style=\"border: 0; top: 0; left: 0; width: 100%; height: 100%; position: absolute; overflow:hidden;\" allowfullscreen=\"\"></iframe></figure></div></div>','','','<p>&nbsp; &nbsp;&nbsp;</p>\n','Low','','Active','0','0','Live','00:01:30',1,'2021-11-25 21:08:31','2021-11-26 03:55:00'),(115,9,21,36,34,'<p>Calculate the osmolarity of 2 L of a D5 1/2NS intravenous solution. Round to the nearest whole number. Do not include units.&nbsp; &nbsp;</p>\n','Detail',283,'<div><div style=\"left: 0; width: 100%; height: 0; position: relative; padding-bottom: 82.71%;\"><figure style=\"left: 0; width: 100%; height: 0; position: relative; padding-bottom: 82.71%; margin-block-end: 0; margin-block-start: 0; margin-inline-start: 0; margin-inline-end: 0;\" ><iframe src=\"https://media.publit.io/file/NAPLEXCalculationsQuestionBank/OsmolarityCalculations/Chapter-9-Question-8-weboptimized.html?player=RxCalc\" scrolling=\"no\" style=\"border: 0; top: 0; left: 0; width: 100%; height: 100%; position: absolute; overflow:hidden;\" allowfullscreen=\"\"></iframe></figure></div></div>','','','<p>&nbsp; &nbsp; &nbsp;</p>\n','Medium','','Active','0','0','Live','00:01:30',1,'2021-11-25 21:10:39','2021-11-26 03:46:40'),(116,9,21,36,35,'<p>A solution contains 0.161 g of Na<sup>+</sup> ions per liter. How many milliosmoles are represented in the solution?&nbsp;Round to the nearest whole number. Do not include units.</p>\n','Detail',285,'<div><div style=\"left: 0; width: 100%; height: 0; position: relative; padding-bottom: 82.71%;\"><figure style=\"left: 0; width: 100%; height: 0; position: relative; padding-bottom: 82.71%; margin-block-end: 0; margin-block-start: 0; margin-inline-start: 0; margin-inline-end: 0;\" ><iframe src=\"https://media.publit.io/file/NAPLEXCalculationsQuestionBank/OsmolarityCalculations/Chapter-9-Question-7-weboptimized.html?player=RxCalc\" scrolling=\"no\" style=\"border: 0; top: 0; left: 0; width: 100%; height: 100%; position: absolute; overflow:hidden;\" allowfullscreen=\"\"></iframe></figure></div></div>','','','<p>&nbsp; &nbsp; &nbsp;&nbsp;</p>\n','Low','<p>&nbsp;&nbsp;</p>\n','Active','0','0','Live','00:01:30',1,'2021-11-26 03:42:24','2021-11-26 03:47:21'),(117,9,21,36,35,'<p>An order calls for 25 mL of 5% dextrose and normal saline solution every 30 minutes for a dehydrated patient. Calculate the milliosmoles received by the patient in one day. Round to the nearest whole number. Do not include units.</p>\n','Detail',287,'<div><div style=\"left: 0; width: 100%; height: 0; position: relative; padding-bottom: 82.71%;\"><figure style=\"left: 0; width: 100%; height: 0; position: relative; padding-bottom: 82.71%; margin-block-end: 0; margin-block-start: 0; margin-inline-start: 0; margin-inline-end: 0;\" ><iframe src=\"https://media.publit.io/file/NAPLEXCalculationsQuestionBank/OsmolarityCalculations/Chapter-9-Question-8-weboptimized.html?player=RxCalc\" scrolling=\"no\" style=\"border: 0; top: 0; left: 0; width: 100%; height: 100%; position: absolute; overflow:hidden;\" allowfullscreen=\"\"></iframe></figure></div></div>','','','<p>&nbsp; &nbsp; &nbsp; &nbsp;&nbsp;</p>\n','High','<p>&nbsp;&nbsp;</p>\n','Active','0','0','Live','00:01:30',1,'2021-11-26 03:45:13','2021-11-26 03:51:42'),(118,9,21,36,35,'<p>Calculate the milliosmoles of sodium chloride present in 1 liter of 5% hypertonic sodium chloride solution? Assume complete dissociation. Round to the nearest whole number. Do not include units.</p>\n','Detail',289,'<div><div style=\"left: 0; width: 100%; height: 0; position: relative; padding-bottom: 82.71%;\"><figure style=\"left: 0; width: 100%; height: 0; position: relative; padding-bottom: 82.71%; margin-block-end: 0; margin-block-start: 0; margin-inline-start: 0; margin-inline-end: 0;\" ><iframe src=\"https://media.publit.io/file/NAPLEXCalculationsQuestionBank/OsmolarityCalculations/Chapter-9-Question-9-weboptimized.html?player=RxCalc\" scrolling=\"no\" style=\"border: 0; top: 0; left: 0; width: 100%; height: 100%; position: absolute; overflow:hidden;\" allowfullscreen=\"\"></iframe></figure></div></div>','','','<p>&nbsp; &nbsp; &nbsp; &nbsp; &nbsp;</p>\n','Medium','','Active','0','0','Live','00:01:30',1,'2021-11-26 19:19:19','2021-11-26 19:19:51'),(119,9,21,36,36,'<p>A solution of sodium chloride contains 39 mEq/L. Calculate its osmolar strength in terms of milliosmoles per liter. Assume complete dissociation. Round to the nearest whole number. Do not include units.</p>\n','Detail',291,'<div><div style=\"left: 0; width: 100%; height: 0; position: relative; padding-bottom: 82.71%;\"><figure style=\"left: 0; width: 100%; height: 0; position: relative; padding-bottom: 82.71%; margin-block-end: 0; margin-block-start: 0; margin-inline-start: 0; margin-inline-end: 0;\" ><iframe src=\"https://media.publit.io/file/NAPLEXCalculationsQuestionBank/OsmolarityCalculations/Chapter-9-Question-10-weboptimized.html?player=RxCalc\" scrolling=\"no\" style=\"border: 0; top: 0; left: 0; width: 100%; height: 100%; position: absolute; overflow:hidden;\" allowfullscreen=\"\"></iframe></figure></div></div>\n','','','<p>&nbsp;&nbsp;</p>\n','High','<p>&nbsp;&nbsp;</p>\n','Active','0','0','Live','00:01:30',1,'2021-11-26 19:40:06','2021-11-26 19:40:44'),(120,9,21,36,34,'<p>Calculate the osmolar concentration in terms of milliosmoles represented by 1 liter of a 20% w/v solution of anhydrous dextrose (m.w. 180) in water. Round to the nearest whole number. Do not include units.</p>\n','Detail',293,'<div><div style=\"left: 0; width: 100%; height: 0; position: relative; padding-bottom: 82.71%;\"><figure style=\"left: 0; width: 100%; height: 0; position: relative; padding-bottom: 82.71%; margin-block-end: 0; margin-block-start: 0; margin-inline-start: 0; margin-inline-end: 0;\" ><iframe src=\"https://media.publit.io/file/NAPLEXCalculationsQuestionBank/OsmolarityCalculations/Chapter-9-Question-11-weboptimized.html?player=RxCalc\" scrolling=\"no\" style=\"border: 0; top: 0; left: 0; width: 100%; height: 100%; position: absolute; overflow:hidden;\" allowfullscreen=\"\"></iframe></figure></div></div>','','','<p>&nbsp; &nbsp;&nbsp;</p>\n','Low','<p>&nbsp; &nbsp;</p>\n','Active','0','0','Live','00:01:30',1,'2021-11-26 19:47:25','2021-11-26 19:48:05'),(121,9,21,36,34,'<p>A compounding pharmacist needs to prepare a 1000 mL parenteral fluid containing 10% w/v of sodium bicarbonate. Calculate the osmolarity of the solution (NaHCO3:MW= 84). Round to the nearest whole number. Do not include units.</p>\n','Detail',295,'<div><div style=\"left: 0; width: 100%; height: 0; position: relative; padding-bottom: 82.71%;\"><figure style=\"left: 0; width: 100%; height: 0; position: relative; padding-bottom: 82.71%; margin-block-end: 0; margin-block-start: 0; margin-inline-start: 0; margin-inline-end: 0;\" ><iframe src=\"https://media.publit.io/file/NAPLEXCalculationsQuestionBank/OsmolarityCalculations/Chapter-9-Question-12-weboptimized.html?player=RxCalc\" scrolling=\"no\" style=\"border: 0; top: 0; left: 0; width: 100%; height: 100%; position: absolute; overflow:hidden;\" allowfullscreen=\"\"></iframe></figure></div></div>\n','','','<p>&nbsp; &nbsp; &nbsp;</p>\n','Low','<p>&nbsp;&nbsp;</p>\n','Active','0','0','Live','00:01:30',1,'2021-11-26 19:50:15','2021-11-26 19:50:53'),(122,9,21,36,35,'<p>A physician order calls for the administration of 50 g of mannitol to a patient as an osmotic diuretic over a 12 hour period. How many milliosmoles of mannitol (MW= 182) would be represented in the prescribed dosage. Round to the nearest hundredth. Do not include units.</p>\n\n<p>&nbsp;</p>\n','Detail',297,'<div><div style=\"left: 0; width: 100%; height: 0; position: relative; padding-bottom: 82.71%;\"><figure style=\"left: 0; width: 100%; height: 0; position: relative; padding-bottom: 82.71%; margin-block-end: 0; margin-block-start: 0; margin-inline-start: 0; margin-inline-end: 0;\" ><iframe src=\"https://media.publit.io/file/NAPLEXCalculationsQuestionBank/OsmolarityCalculations/Chapter-9-Question-13-weboptimized.html?player=RxCalc\" scrolling=\"no\" style=\"border: 0; top: 0; left: 0; width: 100%; height: 100%; position: absolute; overflow:hidden;\" allowfullscreen=\"\"></iframe></figure></div></div>\n','','','<p>&nbsp; &nbsp; &nbsp; &nbsp;</p>\n','Low','<p>&nbsp; &nbsp;</p>\n','Active','0','0','Live','00:01:30',1,'2021-11-26 21:02:07','2021-11-26 21:02:36'),(123,9,21,36,34,'<p>At 3:00 pm., a pharmacist received an order to add sufficient potassium chloride to the already running intravenous fluid for a patient so as to obtain a concentration of 30% (w/v). After checking the medication order, the pharmacist found that the patient is receiving a 5% dextrose/0.9% sodium chloride infusion at a rate of 85 mL/hour. What is the osmolarity of the potassium chloride added? Assume complete dissociation of potassium chloride. Round to the nearest tenth. Do not include units.</p>\n','Detail',299,'\n<div><div style=\"left: 0; width: 100%; height: 0; position: relative; padding-bottom: 82.71%;\"><figure style=\"left: 0; width: 100%; height: 0; position: relative; padding-bottom: 82.71%; margin-block-end: 0; margin-block-start: 0; margin-inline-start: 0; margin-inline-end: 0;\" ><iframe src=\"https://media.publit.io/file/NAPLEXCalculationsQuestionBank/OsmolarityCalculations/Chapter-9-Question-14-weboptimized.html?player=RxCalc\" scrolling=\"no\" style=\"border: 0; top: 0; left: 0; width: 100%; height: 100%; position: absolute; overflow:hidden;\" allowfullscreen=\"\"></iframe></figure></div></div>','','','<p>&nbsp; &nbsp; &nbsp; &nbsp; &nbsp;</p>\n','High','<p>&nbsp;&nbsp;</p>\n','Active','0','0','Live','00:01:30',1,'2021-11-26 21:04:07','2021-11-26 21:04:55'),(124,9,21,36,34,'<p>What is the osmolarity of an 8.4% w/v solution of sodium bicarbonate (NaHCO3:MW= 84)? Round to the nearest whole number. Do not include units.</p>\n','Detail',301,'<div><div style=\"left: 0; width: 100%; height: 0; position: relative; padding-bottom: 82.71%;\"><figure style=\"left: 0; width: 100%; height: 0; position: relative; padding-bottom: 82.71%; margin-block-end: 0; margin-block-start: 0; margin-inline-start: 0; margin-inline-end: 0;\" ><iframe src=\"https://media.publit.io/file/NAPLEXCalculationsQuestionBank/OsmolarityCalculations/Chapter-9-Question-15-weboptimized.html?player=RxCalc\" scrolling=\"no\" style=\"border: 0; top: 0; left: 0; width: 100%; height: 100%; position: absolute; overflow:hidden;\" allowfullscreen=\"\"></iframe></figure></div></div>','','','<p>&nbsp; &nbsp; &nbsp; &nbsp; &nbsp;&nbsp;</p>\n','Low','<p>&nbsp;&nbsp;</p>\n','Active','0','0','Live','00:01:30',1,'2021-11-26 21:05:57','2021-11-26 21:06:28'),(125,9,21,36,35,'<p>How many millimoles are represented in 294 mL of a 20% w/v calcium chloride solution (CaCl2.2H2O: MW= 147)? Round to the nearest whole number. Do not include units.</p>\n','Detail',303,'<div><div style=\"left: 0; width: 100%; height: 0; position: relative; padding-bottom: 82.71%;\"><figure style=\"left: 0; width: 100%; height: 0; position: relative; padding-bottom: 82.71%; margin-block-end: 0; margin-block-start: 0; margin-inline-start: 0; margin-inline-end: 0;\" ><iframe src=\"https://media.publit.io/file/NAPLEXCalculationsQuestionBank/OsmolarityCalculations/Chapter-9-Question-16-weboptimized.html?player=RxCalc\" scrolling=\"no\" style=\"border: 0; top: 0; left: 0; width: 100%; height: 100%; position: absolute; overflow:hidden;\" allowfullscreen=\"\"></iframe></figure></div></div>\n','','','<p>&nbsp; &nbsp; &nbsp; &nbsp; &nbsp; &nbsp;&nbsp;</p>\n','Medium','<p>&nbsp;&nbsp;</p>\n','Active','0','0','Live','00:01:30',1,'2021-11-26 21:07:53','2021-11-26 21:08:33'),(126,9,21,36,35,'<p>An order calls for 100 mL of a 5% w/v calcium chloride solution to be added to an IV bag. Calculate the amount of milliosmoles of calcium chloride that is represented in the solution( CaCl2.2H2O: MW= 147). Round to the nearest whole number. Do not include units.</p>\n','Detail',305,'<div><div style=\"left: 0; width: 100%; height: 0; position: relative; padding-bottom: 82.71%;\"><figure style=\"left: 0; width: 100%; height: 0; position: relative; padding-bottom: 82.71%; margin-block-end: 0; margin-block-start: 0; margin-inline-start: 0; margin-inline-end: 0;\" ><iframe src=\"https://media.publit.io/file/NAPLEXCalculationsQuestionBank/OsmolarityCalculations/Chapter-9-Question-17-weboptimized.html?player=RxCalc\" scrolling=\"no\" style=\"border: 0; top: 0; left: 0; width: 100%; height: 100%; position: absolute; overflow:hidden;\" allowfullscreen=\"\"></iframe></figure></div></div>\n','','','<p>&nbsp; &nbsp; &nbsp; &nbsp; &nbsp; &nbsp; &nbsp;&nbsp;</p>\n','Medium','<p>&nbsp;&nbsp;</p>\n','Active','0','0','Live','00:01:30',1,'2021-11-26 21:10:29','2021-11-26 21:11:03'),(127,9,21,36,37,'<p>Calculate the amount in milligrams of anhydrous dextrose in water needed for injection if the osmolar strength is 278 (MW=180). Round to the nearest whole number. Do not include units.</p>\n','Detail',307,'<div><div style=\"left: 0; width: 100%; height: 0; position: relative; padding-bottom: 82.71%;\"><figure style=\"left: 0; width: 100%; height: 0; position: relative; padding-bottom: 82.71%; margin-block-end: 0; margin-block-start: 0; margin-inline-start: 0; margin-inline-end: 0;\" ><iframe src=\"https://media.publit.io/file/NAPLEXCalculationsQuestionBank/OsmolarityCalculations/Chapter-9-Question-18-weboptimized.html?player=RxCalc\" scrolling=\"no\" style=\"border: 0; top: 0; left: 0; width: 100%; height: 100%; position: absolute; overflow:hidden;\" allowfullscreen=\"\"></iframe></figure></div></div>\n','','','<p>&nbsp;&nbsp;</p>\n','Medium','<p>&nbsp;&nbsp;</p>\n','Active','0','0','Live','00:01:30',1,'2021-11-26 21:14:58','2021-11-26 21:15:44'),(128,9,21,36,37,'<p>How much sodium bicarbonate in grams will be needed in a parenteral solution that has osmolarity of 4000 mOsmol/L (NaHCO3:MW= 84)? Round to the nearest whole number. Do not include units.</p>\n','Detail',309,'<div><div style=\"left: 0; width: 100%; height: 0; position: relative; padding-bottom: 82.71%;\"><figure style=\"left: 0; width: 100%; height: 0; position: relative; padding-bottom: 82.71%; margin-block-end: 0; margin-block-start: 0; margin-inline-start: 0; margin-inline-end: 0;\" ><iframe src=\"https://media.publit.io/file/NAPLEXCalculationsQuestionBank/OsmolarityCalculations/Chapter-9-Question-19-weboptimized.html?player=RxCalc\" scrolling=\"no\" style=\"border: 0; top: 0; left: 0; width: 100%; height: 100%; position: absolute; overflow:hidden;\" allowfullscreen=\"\"></iframe></figure></div></div>','','','<p>&nbsp; &nbsp; &nbsp;</p>\n','Medium','<p>&nbsp;&nbsp;</p>\n','Active','0','0','Live','00:01:30',1,'2021-11-26 21:17:04','2021-11-26 21:18:00'),(129,9,21,36,34,'<p>Calculate the total osmolarity of the following parenteral solution</p>\n\n<p>Dextrose, anhydrous&nbsp; &nbsp; &nbsp; 50g</p>\n\n<p>Sodium Chloride&nbsp; &nbsp; &nbsp; &nbsp; &nbsp; &nbsp; 77 mEq</p>\n\n<p>Potassium Chloride&nbsp; &nbsp; &nbsp; &nbsp; 20 mEq</p>\n\n<p>Water for Injection, ad&nbsp; &nbsp; 1000 mL</p>\n\n<p>Round to the nearest whole number. Do not include units.</p>\n','Detail',311,'<div><div style=\"left: 0; width: 100%; height: 0; position: relative; padding-bottom: 82.71%;\"><figure style=\"left: 0; width: 100%; height: 0; position: relative; padding-bottom: 82.71%; margin-block-end: 0; margin-block-start: 0; margin-inline-start: 0; margin-inline-end: 0;\" ><iframe src=\"https://media.publit.io/file/NAPLEXCalculationsQuestionBank/OsmolarityCalculations/Chapter-9-Question-20-weboptimized.html?player=RxCalc\" scrolling=\"no\" style=\"border: 0; top: 0; left: 0; width: 100%; height: 100%; position: absolute; overflow:hidden;\" allowfullscreen=\"\"></iframe></figure></div></div>','','','<p>&nbsp; &nbsp; &nbsp; &nbsp;</p>\n','High','<p>&nbsp; &nbsp;</p>\n','Active','0','0','Live','00:01:30',1,'2021-11-26 21:19:31','2021-11-26 21:20:11'),(130,9,21,36,34,'<p>Calculate the total osmolarity of the solution</p>\n\n<p>Sodium chloride&nbsp; &nbsp; &nbsp; &nbsp; &nbsp; &nbsp; &nbsp; &nbsp; &nbsp; 5,000 mg&nbsp; &nbsp; &nbsp; &nbsp;m.w = 58.5</p>\n\n<p>Sodium lactate anhydrous&nbsp; &nbsp; 2,100 mg&nbsp; &nbsp; m.w = 112</p>\n\n<p>Potassium Chloride&nbsp; &nbsp; &nbsp; &nbsp; &nbsp; &nbsp; &nbsp; &nbsp; 400 mg&nbsp; &nbsp; &nbsp; m.w = 74.5</p>\n\n<p>Calcium chloride, dihydrate&nbsp; &nbsp; 300 mg&nbsp; &nbsp;m.w = 147</p>\n\n<p>Water for Injection, USP. ad 1000 mL</p>\n\n<p>Round to the nearest whole number. Do not include units.</p>\n','Detail',313,'<div><div style=\"left: 0; width: 100%; height: 0; position: relative; padding-bottom: 82.71%;\"><figure style=\"left: 0; width: 100%; height: 0; position: relative; padding-bottom: 82.71%; margin-block-end: 0; margin-block-start: 0; margin-inline-start: 0; margin-inline-end: 0;\" ><iframe src=\"https://media.publit.io/file/NAPLEXCalculationsQuestionBank/OsmolarityCalculations/Chapter-9-Question-21-weboptimized.html?player=RxCalc\" scrolling=\"no\" style=\"border: 0; top: 0; left: 0; width: 100%; height: 100%; position: absolute; overflow:hidden;\" allowfullscreen=\"\"></iframe></figure></div></div>','','','<p>&nbsp; &nbsp; &nbsp; &nbsp; &nbsp;</p>\n','Medium','<p>&nbsp;&nbsp;</p>\n','Active','0','0','Live','00:01:30',1,'2021-11-27 00:14:30','2021-11-27 00:18:54'),(131,9,21,36,35,'<p>Calculate the quantity of milliosmols of sodium ion present in 5 mL of 1% solution of sodium sulfate (Na2SO4)? Round to the nearest tenth. Do not include units.</p>\n','Detail',315,'<div><div style=\"left: 0; width: 100%; height: 0; position: relative; padding-bottom: 82.71%;\"><figure style=\"left: 0; width: 100%; height: 0; position: relative; padding-bottom: 82.71%; margin-block-end: 0; margin-block-start: 0; margin-inline-start: 0; margin-inline-end: 0;\" ><iframe src=\"https://media.publit.io/file/NAPLEXCalculationsQuestionBank/OsmolarityCalculations/Chapter-9-Question-22-weboptimized.html?player=RxCalc\" scrolling=\"no\" style=\"border: 0; top: 0; left: 0; width: 100%; height: 100%; position: absolute; overflow:hidden;\" allowfullscreen=\"\"></iframe></figure></div></div>','','','<p>&nbsp; &nbsp; &nbsp; &nbsp; &nbsp;&nbsp;</p>\n','Medium','<p>&nbsp;&nbsp;</p>\n','Active','0','0','Live','00:01:30',1,'2021-11-27 00:20:30','2021-11-27 00:21:14'),(132,9,21,36,37,'<p>Calculate the amount of calcium chloride dihydrate (MW = 147) in grams that would be needed to prepare 300 mL of calcium chloride solution containing 5.4 mOsm in each 1 mL of the IV bag. Round to the nearest hundredth. Do not include units.</p>\n','Detail',317,'<div><div style=\"left: 0; width: 100%; height: 0; position: relative; padding-bottom: 82.71%;\"><figure style=\"left: 0; width: 100%; height: 0; position: relative; padding-bottom: 82.71%; margin-block-end: 0; margin-block-start: 0; margin-inline-start: 0; margin-inline-end: 0;\" ><iframe src=\"https://media.publit.io/file/NAPLEXCalculationsQuestionBank/OsmolarityCalculations/Chapter-9-Question-23-weboptimized.html?player=RxCalc\" scrolling=\"no\" style=\"border: 0; top: 0; left: 0; width: 100%; height: 100%; position: absolute; overflow:hidden;\" allowfullscreen=\"\"></iframe></figure></div></div>','','','<p>&nbsp; &nbsp; &nbsp; &nbsp; &nbsp; &nbsp; &nbsp;&nbsp;</p>\n','High','<p>&nbsp; &nbsp;</p>\n','Active','0','0','Live','00:01:30',1,'2021-11-27 00:22:34','2021-11-27 00:23:01'),(133,9,21,36,37,'<p>Calculate the amount of potassium chloride (MW = 74.5) in grams required to prepare a sterile dextrose solution to provide 75 mOsm for parenteral administration. Round to the nearest tenth. Do not include units.</p>\n','Detail',319,'<div><div style=\"left: 0; width: 100%; height: 0; position: relative; padding-bottom: 82.71%;\"><figure style=\"left: 0; width: 100%; height: 0; position: relative; padding-bottom: 82.71%; margin-block-end: 0; margin-block-start: 0; margin-inline-start: 0; margin-inline-end: 0;\" ><iframe src=\"https://media.publit.io/file/NAPLEXCalculationsQuestionBank/OsmolarityCalculations/Chapter-9-Question-24-weboptimized.html?player=RxCalc\" scrolling=\"no\" style=\"border: 0; top: 0; left: 0; width: 100%; height: 100%; position: absolute; overflow:hidden;\" allowfullscreen=\"\"></iframe></figure></div></div>\n','','','<p>&nbsp; &nbsp; &nbsp; &nbsp; &nbsp; &nbsp; &nbsp; &nbsp;&nbsp;</p>\n','Low','<p>&nbsp; &nbsp;</p>\n','Active','0','0','Live','00:01:30',1,'2021-11-27 00:25:09','2021-11-27 00:26:03'),(134,9,21,36,34,'<p>Express the concentration of 0.45% saline solution in mOsmol/L. Round to the nearest whole number. Do not include units.</p>\n','Detail',321,'<div><div style=\"left: 0; width: 100%; height: 0; position: relative; padding-bottom: 82.71%;\"><figure style=\"left: 0; width: 100%; height: 0; position: relative; padding-bottom: 82.71%; margin-block-end: 0; margin-block-start: 0; margin-inline-start: 0; margin-inline-end: 0;\" ><iframe src=\"https://media.publit.io/file/NAPLEXCalculationsQuestionBank/OsmolarityCalculations/Chapter-9-Question-25-weboptimized.html?player=RxCalc\" scrolling=\"no\" style=\"border: 0; top: 0; left: 0; width: 100%; height: 100%; position: absolute; overflow:hidden;\" allowfullscreen=\"\"></iframe></figure></div></div>\n','','','<p>&nbsp; &nbsp; &nbsp; &nbsp; &nbsp; &nbsp; &nbsp; &nbsp; &nbsp; &nbsp;</p>\n','Low','<p>&nbsp;&nbsp;</p>\n','Active','0','0','Live','00:01:30',1,'2021-11-27 00:27:21','2021-11-27 00:27:58'),(135,9,21,36,35,'<p>How many milliosmols are present in 150 mg of potassium chloride (MW = 74.5)? Round to the nearest whole number. Do not include units.</p>\n','Detail',323,'<div><div style=\"left: 0; width: 100%; height: 0; position: relative; padding-bottom: 82.71%;\"><figure style=\"left: 0; width: 100%; height: 0; position: relative; padding-bottom: 82.71%; margin-block-end: 0; margin-block-start: 0; margin-inline-start: 0; margin-inline-end: 0;\" ><iframe src=\"https://media.publit.io/file/NAPLEXCalculationsQuestionBank/OsmolarityCalculations/Chapter-9-Question-26-weboptimized.html?player=RxCalc\" scrolling=\"no\" style=\"border: 0; top: 0; left: 0; width: 100%; height: 100%; position: absolute; overflow:hidden;\" allowfullscreen=\"\"></iframe></figure></div></div>\n','','','<p>&nbsp; &nbsp; &nbsp; &nbsp; &nbsp; &nbsp; &nbsp; &nbsp; &nbsp; &nbsp; &nbsp;</p>\n','Low','<p>&nbsp; &nbsp;</p>\n','Active','0','0','Live','00:01:30',1,'2021-11-27 02:32:53','2021-11-27 02:33:30'),(136,9,21,36,34,'<p>If 10 g of dextrose (MW = 180) are dissolved in sufficient sterile water for injection to get 100 mL of solution, determine the concentration of dextrose in the solution in mOsmol/L? Round to the nearest tenth. Do not include units.</p>\n','Detail',325,'<div><div style=\"left: 0; width: 100%; height: 0; position: relative; padding-bottom: 82.71%;\"><figure style=\"left: 0; width: 100%; height: 0; position: relative; padding-bottom: 82.71%; margin-block-end: 0; margin-block-start: 0; margin-inline-start: 0; margin-inline-end: 0;\" ><iframe src=\"https://media.publit.io/file/NAPLEXCalculationsQuestionBank/OsmolarityCalculations/Chapter-9-Question-27-weboptimized.html?player=RxCalc\" scrolling=\"no\" style=\"border: 0; top: 0; left: 0; width: 100%; height: 100%; position: absolute; overflow:hidden;\" allowfullscreen=\"\"></iframe></figure></div></div>\n','','','<p>&nbsp; &nbsp; &nbsp; &nbsp; &nbsp; &nbsp; &nbsp; &nbsp; &nbsp; &nbsp; &nbsp; &nbsp;</p>\n','Low','<p>&nbsp; &nbsp;</p>\n','Active','0','0','Live','00:01:30',1,'2021-11-27 02:34:49','2021-11-27 02:35:42'),(137,9,21,36,34,'<p>Calculate the osmolarity of a liter of solution that contains 0.9% sodium chloride, 5% dextrose solution and 3% potassium chloride. Round to the nearest whole number. Do not include units.</p>\n','Detail',327,'<div><div style=\"left: 0; width: 100%; height: 0; position: relative; padding-bottom: 82.71%;\"><figure style=\"left: 0; width: 100%; height: 0; position: relative; padding-bottom: 82.71%; margin-block-end: 0; margin-block-start: 0; margin-inline-start: 0; margin-inline-end: 0;\" ><iframe src=\"https://media.publit.io/file/NAPLEXCalculationsQuestionBank/OsmolarityCalculations/Chapter-9-Question-28-weboptimized.html?player=RxCalc\" scrolling=\"no\" style=\"border: 0; top: 0; left: 0; width: 100%; height: 100%; position: absolute; overflow:hidden;\" allowfullscreen=\"\"></iframe></figure></div></div>\n','','','<p>&nbsp; &nbsp; &nbsp; &nbsp; &nbsp; &nbsp; &nbsp; &nbsp; &nbsp; &nbsp; &nbsp; &nbsp; &nbsp;&nbsp;</p>\n','High','<p>&nbsp; &nbsp;</p>\n','Active','0','0','Live','00:01:30',1,'2021-11-27 02:37:36','2021-11-27 02:38:14'),(138,9,21,36,36,'<p>Calculate the osmolar strength of a potassium gluconate (C6H11KO7: MW = 234) solution containing 2.5 milliequivalents in each 100 mL. Round to the nearest whole number. Do not include units.</p>\n','Detail',329,'<div><div style=\"left: 0; width: 100%; height: 0; position: relative; padding-bottom: 82.71%;\"><figure style=\"left: 0; width: 100%; height: 0; position: relative; padding-bottom: 82.71%; margin-block-end: 0; margin-block-start: 0; margin-inline-start: 0; margin-inline-end: 0;\" ><iframe src=\"https://media.publit.io/file/NAPLEXCalculationsQuestionBank/OsmolarityCalculations/Chapter-9-Question-29-weboptimized.html?player=RxCalc\" scrolling=\"no\" style=\"border: 0; top: 0; left: 0; width: 100%; height: 100%; position: absolute; overflow:hidden;\" allowfullscreen=\"\"></iframe></figure></div></div>\n','','','<p>&nbsp; &nbsp; &nbsp; &nbsp; &nbsp; &nbsp; &nbsp; &nbsp; &nbsp; &nbsp; &nbsp; &nbsp; &nbsp; &nbsp; &nbsp;</p>\n','High','<p>&nbsp; &nbsp;&nbsp;</p>\n','Active','0','0','Live','00:01:30',1,'2021-11-27 02:39:45','2021-11-27 02:40:16'),(139,9,21,36,35,'<p>A physician orders 0.2 mEq/kg of calcium gluconate (C12H22CaO14: MW = 430) for a 165 lb male patient. Calculate the amount of milliosmols of calcium given to the patient if a 10% calcium gluconate solution is used to supply the prescribed amount. Round to the nearest whole number. Do not include units.</p>\n','Detail',331,'<div><div style=\"left: 0; width: 100%; height: 0; position: relative; padding-bottom: 82.71%;\"><figure style=\"left: 0; width: 100%; height: 0; position: relative; padding-bottom: 82.71%; margin-block-end: 0; margin-block-start: 0; margin-inline-start: 0; margin-inline-end: 0;\" ><iframe src=\"https://media.publit.io/file/NAPLEXCalculationsQuestionBank/OsmolarityCalculations/Chapter-9-Question-30-weboptimized.html?player=RxCalc\" scrolling=\"no\" style=\"border: 0; top: 0; left: 0; width: 100%; height: 100%; position: absolute; overflow:hidden;\" allowfullscreen=\"\"></iframe></figure></div></div>\n','','','<p>&nbsp; &nbsp; &nbsp; &nbsp; &nbsp; &nbsp; &nbsp; &nbsp; &nbsp; &nbsp; &nbsp; &nbsp; &nbsp; &nbsp; &nbsp; &nbsp;&nbsp;</p>\n','High','<p>&nbsp; &nbsp;</p>\n','Active','0','0','Live','00:01:30',1,'2021-11-27 02:41:39','2021-11-27 02:42:20'),(140,9,21,36,34,'<p>A prescription calls for 200 mg of calcium chloride dihydrate to be added to water to make a 100 mL solution. Calculate the osmolarity of calcium chloride dihydrate in the solution (MW = 147). Round to the nearest tenth. Do not include units.</p>\n','Detail',333,'<div><div style=\"left: 0; width: 100%; height: 0; position: relative; padding-bottom: 82.71%;\"><figure style=\"left: 0; width: 100%; height: 0; position: relative; padding-bottom: 82.71%; margin-block-end: 0; margin-block-start: 0; margin-inline-start: 0; margin-inline-end: 0;\" ><iframe src=\"https://media.publit.io/file/NAPLEXCalculationsQuestionBank/OsmolarityCalculations/Chapter-9-Question-31-weboptimized.html?player=RxCalc\" scrolling=\"no\" style=\"border: 0; top: 0; left: 0; width: 100%; height: 100%; position: absolute; overflow:hidden;\" allowfullscreen=\"\"></iframe></figure></div></div>\n','','','<p>&nbsp; &nbsp; &nbsp; &nbsp; &nbsp; &nbsp; &nbsp; &nbsp; &nbsp; &nbsp; &nbsp; &nbsp; &nbsp; &nbsp; &nbsp; &nbsp; &nbsp;&nbsp;</p>\n','Low','<p>&nbsp; &nbsp;</p>\n','Active','0','0','Live','00:01:30',1,'2021-11-27 15:26:33','2021-11-27 15:27:00'),(141,9,21,36,34,'<p>Calculate the total osmolarity of Ringer&rsquo;s solution that is composed of the following ingredients</p>\n\n<p>Sodium chloride&nbsp; &nbsp; &nbsp; &nbsp; &nbsp; &nbsp; &nbsp; &nbsp; &nbsp; &nbsp; &nbsp; &nbsp; &nbsp; &nbsp; &nbsp; 7.2 g&nbsp; &nbsp; &nbsp; m.w = 58.5</p>\n\n<p>Potassium Chloride &nbsp; &nbsp; &nbsp; &nbsp; &nbsp; &nbsp; &nbsp; &nbsp; &nbsp; &nbsp; &nbsp; 0.37 g&nbsp; &nbsp; &nbsp;m.w = 74.5</p>\n\n<p>Calcium chloride, dihydrate&nbsp; &nbsp; &nbsp; &nbsp; &nbsp; 0.17 g &nbsp; &nbsp; m.w = 1</p>\n\n<p>Water for Injection, USP &nbsp; ad&nbsp; &nbsp; &nbsp; 1000 mL</p>\n\n<p>Make isotonic solution&nbsp; &nbsp; &nbsp; &nbsp; &nbsp; &nbsp; &nbsp; &nbsp; &nbsp; &nbsp; &nbsp; &nbsp; refills:0</p>\n\n<p>Round to the nearest tenth. Do not include units.</p>\n','Detail',335,'<div><div style=\"left: 0; width: 100%; height: 0; position: relative; padding-bottom: 82.71%;\"><figure style=\"left: 0; width: 100%; height: 0; position: relative; padding-bottom: 82.71%; margin-block-end: 0; margin-block-start: 0; margin-inline-start: 0; margin-inline-end: 0;\" ><iframe src=\"https://media.publit.io/file/NAPLEXCalculationsQuestionBank/OsmolarityCalculations/Chapter-9-Question-32-weboptimized.html?player=RxCalc\" scrolling=\"no\" style=\"border: 0; top: 0; left: 0; width: 100%; height: 100%; position: absolute; overflow:hidden;\" allowfullscreen=\"\"></iframe></figure></div></div>','','','<p>&nbsp; &nbsp; &nbsp; &nbsp; &nbsp; &nbsp; &nbsp; &nbsp; &nbsp; &nbsp; &nbsp; &nbsp; &nbsp; &nbsp; &nbsp; &nbsp; &nbsp; &nbsp; &nbsp;&nbsp;</p>\n','Medium','<p>&nbsp; &nbsp; &nbsp;</p>\n','Active','0','0','Live','00:01:30',1,'2021-11-27 15:29:02','2021-11-27 15:29:33'),(142,9,21,36,38,'<p>Calculate the osmolarity of a parenteral solution with a reported osmolality of 320 mOsm/kg having a density of 1.0054 kg/L at room temperature. Round to the nearest tenth. Do not include units.</p>\n','Detail',337,'<div><div style=\"left: 0; width: 100%; height: 0; position: relative; padding-bottom: 82.71%;\"><figure style=\"left: 0; width: 100%; height: 0; position: relative; padding-bottom: 82.71%; margin-block-end: 0; margin-block-start: 0; margin-inline-start: 0; margin-inline-end: 0;\" ><iframe src=\"https://media.publit.io/file/NAPLEXCalculationsQuestionBank/OsmolarityCalculations/Chapter-9-Question-33-weboptimized.html?player=RxCalc\" scrolling=\"no\" style=\"border: 0; top: 0; left: 0; width: 100%; height: 100%; position: absolute; overflow:hidden;\" allowfullscreen=\"\"></iframe></figure></div></div>','','','<p>&nbsp;&nbsp;</p>\n','Medium','<p>&nbsp; &nbsp;</p>\n','Active','0','0','Live','00:01:30',1,'2021-11-27 15:33:01','2021-11-27 15:33:32'),(143,9,21,36,34,'<p>A solution contains 312 mg of potassium chloride per 250 mL. How many milliosmols are present in a liter of the solution? Round to the nearest whole number. Do not include units.</p>\n','Detail',339,'<div><div style=\"left: 0; width: 100%; height: 0; position: relative; padding-bottom: 82.71%;\"><figure style=\"left: 0; width: 100%; height: 0; position: relative; padding-bottom: 82.71%; margin-block-end: 0; margin-block-start: 0; margin-inline-start: 0; margin-inline-end: 0;\" ><iframe src=\"https://media.publit.io/file/NAPLEXCalculationsQuestionBank/OsmolarityCalculations/Chapter-9-Question-34-weboptimized.html?player=RxCalc\" scrolling=\"no\" style=\"border: 0; top: 0; left: 0; width: 100%; height: 100%; position: absolute; overflow:hidden;\" allowfullscreen=\"\"></iframe></figure></div></div>\n','','','<p>&nbsp; &nbsp; &nbsp;&nbsp;</p>\n','Medium','<p>&nbsp; &nbsp; &nbsp;</p>\n','Active','0','0','Live','00:01:30',1,'2021-11-27 15:35:59','2021-11-27 15:36:31'),(144,9,21,36,35,'<p>A hospital medication order calls for 100 g of mannitol and 50 g dextrose to be dissolved in 1 liter sterile water for injection and then administered to a patient as an osmotic diuretic over a 24 hour period. How many milliosmoles of mannitol (MW= 182) would be represented in the prescribed dosage. Round to the nearest tenth. Do not include units.</p>\n','Detail',341,'<div><div style=\"left: 0; width: 100%; height: 0; position: relative; padding-bottom: 82.71%;\"><figure style=\"left: 0; width: 100%; height: 0; position: relative; padding-bottom: 82.71%; margin-block-end: 0; margin-block-start: 0; margin-inline-start: 0; margin-inline-end: 0;\" ><iframe src=\"https://media.publit.io/file/NAPLEXCalculationsQuestionBank/OsmolarityCalculations/Chapter-9-Question-35-weboptimized.html?player=RxCalc\" scrolling=\"no\" style=\"border: 0; top: 0; left: 0; width: 100%; height: 100%; position: absolute; overflow:hidden;\" allowfullscreen=\"\"></iframe></figure></div></div>\n','','','<p>&nbsp; &nbsp; &nbsp; &nbsp; &nbsp;</p>\n','Medium','<p>&nbsp; &nbsp;</p>\n','Active','0','0','Live','00:01:30',1,'2021-11-27 15:37:54','2021-11-27 15:38:57'),(145,9,21,36,37,'<p>Calculate the amount of potassium acetate (KC2H3O2: MW= 98) in grams that should be dissolved in water to make 200 mL of a solution that contains 300 mOsm/L. Round to the nearest tenth. Do not include units.</p>\n','Detail',343,'<div><div style=\"left: 0; width: 100%; height: 0; position: relative; padding-bottom: 82.71%;\"><figure style=\"left: 0; width: 100%; height: 0; position: relative; padding-bottom: 82.71%; margin-block-end: 0; margin-block-start: 0; margin-inline-start: 0; margin-inline-end: 0;\" ><iframe src=\"https://media.publit.io/file/NAPLEXCalculationsQuestionBank/OsmolarityCalculations/Chapter-9-Question-36-weboptimized.html?player=RxCalc\" scrolling=\"no\" style=\"border: 0; top: 0; left: 0; width: 100%; height: 100%; position: absolute; overflow:hidden;\" allowfullscreen=\"\"></iframe></figure></div></div>\n','','','<p>&nbsp; &nbsp; &nbsp; &nbsp; &nbsp; &nbsp;&nbsp;</p>\n','High','<p>&nbsp; &nbsp;</p>\n','Active','0','0','Live','00:01:30',1,'2021-11-27 15:40:23','2021-11-27 15:41:11'),(146,9,21,36,34,'<p>What is the total osmolarity of a solution that contains 8.4% w/v solution of sodium bicarbonate (NaHCO3:MW= 84), 3500 mOsmol/L of potassium chloride and 325 mOsmol/L of normal saline solution? Round to the nearest whole number. Do not include units.</p>\n','Detail',345,'<div><div style=\"left: 0; width: 100%; height: 0; position: relative; padding-bottom: 82.71%;\"><figure style=\"left: 0; width: 100%; height: 0; position: relative; padding-bottom: 82.71%; margin-block-end: 0; margin-block-start: 0; margin-inline-start: 0; margin-inline-end: 0;\" ><iframe src=\"https://media.publit.io/file/NAPLEXCalculationsQuestionBank/OsmolarityCalculations/Chapter-9-Question-37-weboptimized.html?player=RxCalc\" scrolling=\"no\" style=\"border: 0; top: 0; left: 0; width: 100%; height: 100%; position: absolute; overflow:hidden;\" allowfullscreen=\"\"></iframe></figure></div></div>','','','<p>&nbsp; &nbsp; &nbsp; &nbsp; &nbsp; &nbsp; &nbsp; &nbsp;</p>\n','Medium','<p>&nbsp; &nbsp;&nbsp;</p>\n','Active','0','0','Live','00:01:30',1,'2021-11-27 15:42:12','2021-11-27 15:42:44'),(147,9,21,36,37,'<p>If a parenteral solution contains 1,709 mOsmol/L of sodium chloride solution and 180 mOsmol/L of dextrose, calculate the amount of dextrose (MW = 180) in grams that is needed to provide the 180 mOsm for the parenteral administration. Round to the nearest tenth. Do not include units.</p>\n','Detail',347,'<div><div style=\"left: 0; width: 100%; height: 0; position: relative; padding-bottom: 82.71%;\"><figure style=\"left: 0; width: 100%; height: 0; position: relative; padding-bottom: 82.71%; margin-block-end: 0; margin-block-start: 0; margin-inline-start: 0; margin-inline-end: 0;\" ><iframe src=\"https://media.publit.io/file/NAPLEXCalculationsQuestionBank/OsmolarityCalculations/Chapter-9-Question-38-weboptimized.html?player=RxCalc\" scrolling=\"no\" style=\"border: 0; top: 0; left: 0; width: 100%; height: 100%; position: absolute; overflow:hidden;\" allowfullscreen=\"\"></iframe></figure></div></div>\n','','','<p>&nbsp; &nbsp; &nbsp; &nbsp; &nbsp; &nbsp; &nbsp; &nbsp; &nbsp;&nbsp;</p>\n','Low','<p>&nbsp; &nbsp;&nbsp;</p>\n','Active','0','0','Live','00:01:30',1,'2021-11-27 15:44:58','2021-11-27 15:45:36'),(148,9,21,36,34,'<p>A patient experiencing preterm labor is to be given magnesium sulfate at a rate of 3 g/h. The pharmacy provides 500 mL of a 4% solution. Calculate the osmolarity of the solution. Round to the nearest whole number. Do not include units.</p>\n','Detail',349,'<div><div style=\"left: 0; width: 100%; height: 0; position: relative; padding-bottom: 82.71%;\"><figure style=\"left: 0; width: 100%; height: 0; position: relative; padding-bottom: 82.71%; margin-block-end: 0; margin-block-start: 0; margin-inline-start: 0; margin-inline-end: 0;\" ><iframe src=\"https://media.publit.io/file/NAPLEXCalculationsQuestionBank/OsmolarityCalculations/Chapter-9-Question-39-weboptimized.html?player=RxCalc\" scrolling=\"no\" style=\"border: 0; top: 0; left: 0; width: 100%; height: 100%; position: absolute; overflow:hidden;\" allowfullscreen=\"\"></iframe></figure></div></div>','','','<p>&nbsp; &nbsp; &nbsp; &nbsp; &nbsp; &nbsp; &nbsp; &nbsp; &nbsp; &nbsp; &nbsp;&nbsp;</p>\n','Low','<p>&nbsp; &nbsp;</p>\n','Active','0','0','Live','00:01:30',1,'2021-11-27 15:47:28','2021-11-27 15:48:10'),(149,9,21,36,39,'<p>The concentration of a sodium chloride solution is 308 mOsmol/L. Express the concentration as a percentage strength. Round to the nearest tenth. Do not include the percent sign.</p>\n','Detail',351,'<div><div style=\"left: 0; width: 100%; height: 0; position: relative; padding-bottom: 82.71%;\"><figure style=\"left: 0; width: 100%; height: 0; position: relative; padding-bottom: 82.71%; margin-block-end: 0; margin-block-start: 0; margin-inline-start: 0; margin-inline-end: 0;\" ><iframe src=\"https://media.publit.io/file/NAPLEXCalculationsQuestionBank/OsmolarityCalculations/Chapter-9-Question-40-weboptimized.html?player=RxCalc\" scrolling=\"no\" style=\"border: 0; top: 0; left: 0; width: 100%; height: 100%; position: absolute; overflow:hidden;\" allowfullscreen=\"\"></iframe></figure></div></div>\n','','','<p>&nbsp; &nbsp;&nbsp;</p>\n','High','<p>&nbsp; &nbsp;&nbsp;</p>\n','Active','0','0','Live','00:01:30',1,'2021-11-27 15:50:47','2021-11-27 15:51:23'),(150,9,21,36,35,'<p>Calculate the number of milliosmols of magnesium ion present in 12.8 g of magnesium sulfate. Round to the nearest tenth. Do not include units.</p>\n','Detail',353,'<div><div style=\"left: 0; width: 100%; height: 0; position: relative; padding-bottom: 82.71%;\"><figure style=\"left: 0; width: 100%; height: 0; position: relative; padding-bottom: 82.71%; margin-block-end: 0; margin-block-start: 0; margin-inline-start: 0; margin-inline-end: 0;\" ><iframe src=\"https://media.publit.io/file/NAPLEXCalculationsQuestionBank/OsmolarityCalculations/Chapter-9-Question-41-weboptimized.html?player=RxCalc\" scrolling=\"no\" style=\"border: 0; top: 0; left: 0; width: 100%; height: 100%; position: absolute; overflow:hidden;\" allowfullscreen=\"\"></iframe></figure></div></div>','','','<p>&nbsp; &nbsp; &nbsp; &nbsp;</p>\n','Low','<p>&nbsp; &nbsp;</p>\n','Active','0','0','Live','00:01:30',1,'2021-11-27 15:53:36','2021-11-27 15:54:50'),(151,9,21,36,35,'<p>How many milliosmols are in 500 mL of &frac12; NS solution? Round to the nearest whole number. Do not include units.</p>\n','Detail',355,'<div><div style=\"left: 0; width: 100%; height: 0; position: relative; padding-bottom: 82.71%;\"><figure style=\"left: 0; width: 100%; height: 0; position: relative; padding-bottom: 82.71%; margin-block-end: 0; margin-block-start: 0; margin-inline-start: 0; margin-inline-end: 0;\" ><iframe src=\"https://media.publit.io/file/NAPLEXCalculationsQuestionBank/OsmolarityCalculations/Chapter-9-Question-42-weboptimized.html?player=RxCalc\" scrolling=\"no\" style=\"border: 0; top: 0; left: 0; width: 100%; height: 100%; position: absolute; overflow:hidden;\" allowfullscreen=\"\"></iframe></figure></div></div>\n','','','<p>&nbsp; &nbsp; &nbsp; &nbsp; &nbsp;&nbsp;</p>\n','Medium','<p>&nbsp; &nbsp;</p>\n','Active','0','0','Live','00:01:30',1,'2021-11-27 15:57:22','2021-11-27 15:58:00'),(152,9,21,36,40,'<p>Calculate the volume in milliliters of sodium acetate 32.8% required to be added to 500 mL of &frac12; NS to yield a solution with an osmolar strength of 298 mOsm/L (MW of sodium acetate is 82)? Round to the nearest whole number. Do not include units.</p>\r\n','Detail',357,'<div>\r\n<div>\r\n<p><iframe scrolling=\"no\" src=\"https://media.publit.io/file/NAPLEXCalculationsQuestionBank/OsmolarityCalculations/Chapter-9-Question-43-weboptimized.html?player=RxCalc\" style=\"border: 0; top: 0; left: 0; width: 100%; height: 100%; position: absolute; overflow:hidden;\"></iframe></p>\r\n</div>\r\n</div>\r\n','','','<p>&nbsp; &nbsp; &nbsp;</p>\r\n','High','<p>&nbsp; &nbsp;</p>\r\n','Active','0','0','Live','00:01:30',1,'2021-11-27 16:00:46','2022-02-12 20:36:11'),(153,9,21,36,40,'<p>Calculate the volume in milliliters of sodium acetate 32.8% required to be added to 500 mL of &frac12; NS to yield a solution with an osmolar strength of 298 mOsm/L (MW of sodium acetate is 82)? Round to the nearest whole number. Do not include units.</p>\r\n','Detail',358,'<div>\r\n<div>\r\n<p><iframe scrolling=\"no\" src=\"https://media.publit.io/file/NAPLEXCalculationsQuestionBank/OsmolarityCalculations/Chapter-9-Question-43-weboptimized.html?player=RxCalc\" style=\"border: 0; top: 0; left: 0; width: 100%; height: 100%; position: absolute; overflow:hidden;\"></iframe></p>\r\n</div>\r\n</div>\r\n','','','<iframe scrolling=\"no\" src=\"https://media.publit.io/file/NAPLEXCalculationsQuestionBank/OsmolarityCalculations/Chapter-9-Question-43-weboptimized.html?player=RxCalc\" style=\"border: 0; top: 0; left: 0; width: 100%; height: 100%; position: absolute; overflo','High','<p>&nbsp; &nbsp;</p>\r\n','Active','1','0','Live','00:01:30',1,'2022-01-30 15:53:19','2022-01-30 15:53:39'),(154,9,21,37,43,'<p>A 500 mL bag of normal saline is to be infused continuously over 2 hours using a 30 gtt/mL administration set. At what rate (gtt/min) should the pump be set?&nbsp;Round to the nearest whole number. Do not include units.</p>\r\n','Detail',359,'<div><div style=\"left: 0; width: 100%; height: 0; position: relative; padding-bottom: 82.71%;\"><figure style=\"left: 0; width: 100%; height: 0; position: relative; padding-bottom: 82.71%; margin-block-end: 0; margin-block-start: 0; margin-inline-start: 0; margin-inline-end: 0;\" ><iframe src=\"https://media.publit.io/file/NAPLEXCalculationsQuestionBank/FlowRateCalculations/Chapter-15-Question-1-weboptimized.html?player=RxCalc\" scrolling=\"no\" style=\"border: 0; top: 0; left: 0; width: 100%; height: 100%; position: absolute; overflow:hidden;\" allowfullscreen=\"\"></iframe></figure></div></div>\r\n','','','','Low','<p>&nbsp; &nbsp;</p>\r\n','Active','0','0','Live','00:01:30',1,'2022-02-12 20:31:56','2022-02-12 20:36:39'),(155,9,21,37,44,'<p>A 750 mL bag of D<sub>5</sub>W is to be infused at 70 gtt/min using a 50 gtt/mL administration set. How long will the infusion take in hours?&nbsp;Round to the nearest tenth. Do not include units.</p>\r\n','Detail',360,'<div><div style=\"left: 0; width: 100%; height: 0; position: relative; padding-bottom: 82.71%;\"><figure style=\"left: 0; width: 100%; height: 0; position: relative; padding-bottom: 82.71%; margin-block-end: 0; margin-block-start: 0; margin-inline-start: 0; margin-inline-end: 0;\" ><iframe src=\"https://media.publit.io/file/NAPLEXCalculationsQuestionBank/FlowRateCalculations/Chapter-15-Question-2-weboptimized.html?player=RxCalc\" scrolling=\"no\" style=\"border: 0; top: 0; left: 0; width: 100%; height: 100%; position: absolute; overflow:hidden;\" allowfullscreen=\"\"></iframe></figure></div></div>\r\n','','','','Low','<p>&nbsp; &nbsp;</p>\r\n','Active','0','0','Live','00:01:30',1,'2022-02-12 20:40:41','2022-02-12 20:42:09'),(156,9,21,37,45,'<p>A patient is receiving azithromycin intravenously at a rate of 16 gtt/min. How much solution is infused in 8 hours if the infusion set delivers 20 gtt/mL?&nbsp;Round to the nearest whole number. Do not include units.</p>\r\n','Detail',361,'<div><div style=\"left: 0; width: 100%; height: 0; position: relative; padding-bottom: 82.71%;\"><figure style=\"left: 0; width: 100%; height: 0; position: relative; padding-bottom: 82.71%; margin-block-end: 0; margin-block-start: 0; margin-inline-start: 0; margin-inline-end: 0;\" ><iframe src=\"https://media.publit.io/file/NAPLEXCalculationsQuestionBank/FlowRateCalculations/Chapter-15-Question-3-weboptimized.html?player=RxCalc\" scrolling=\"no\" style=\"border: 0; top: 0; left: 0; width: 100%; height: 100%; position: absolute; overflow:hidden;\" allowfullscreen=\"\"></iframe></figure></div></div>','','','','Low','<p>&nbsp; &nbsp;</p>\r\n','Active','0','0','Live','00:01:30',1,'2022-02-12 20:45:45','2022-02-12 20:47:20'),(157,9,21,37,42,'<p>Drug X is to be administered to elderly patients at a maximum rate of 65 mg/min to avoid respiratory complications. What is the maximum infusion rate in mL/min for a solution containing 30 mg/mL of drug in 200 mL of normal saline?&nbsp;Round to the nearest hundredth. Do not include units.</p>\r\n','Detail',362,'<div><div style=\"left: 0; width: 100%; height: 0; position: relative; padding-bottom: 82.71%;\"><figure style=\"left: 0; width: 100%; height: 0; position: relative; padding-bottom: 82.71%; margin-block-end: 0; margin-block-start: 0; margin-inline-start: 0; margin-inline-end: 0;\" ><iframe src=\"https://media.publit.io/file/NAPLEXCalculationsQuestionBank/FlowRateCalculations/Chapter-15-Question-4-weboptimized.html?player=RxCalc\" scrolling=\"no\" style=\"border: 0; top: 0; left: 0; width: 100%; height: 100%; position: absolute; overflow:hidden;\" allowfullscreen=\"\"></iframe></figure></div></div>','','','','Low','<p>&nbsp; &nbsp;</p>\r\n','Active','0','0','Live','00:01:30',1,'2022-02-12 20:50:34','2022-02-12 20:51:16'),(158,9,21,37,41,'<p>Dobutamine is packaged as 2 g in 250 mL of D<sub>5</sub>W. A 138 lb patient is to receive a dose of 10 &micro;g/kg/min. How many mL/h should be administered? Round to the nearest tenth. Do not include units.</p>\r\n','Detail',363,'<div><div style=\"left: 0; width: 100%; height: 0; position: relative; padding-bottom: 82.71%;\"><figure style=\"left: 0; width: 100%; height: 0; position: relative; padding-bottom: 82.71%; margin-block-end: 0; margin-block-start: 0; margin-inline-start: 0; margin-inline-end: 0;\" ><iframe src=\"https://media.publit.io/file/NAPLEXCalculationsQuestionBank/FlowRateCalculations/Chapter-15-Question-5-weboptimized.html?player=RxCalc\" scrolling=\"no\" style=\"border: 0; top: 0; left: 0; width: 100%; height: 100%; position: absolute; overflow:hidden;\" allowfullscreen=\"\"></iframe></figure></div></div>','','','','Medium','<p>&nbsp; &nbsp;</p>\r\n','Active','0','0','Live','00:01:30',1,'2022-02-12 20:55:06','2022-02-12 20:56:15'),(159,9,21,37,41,'<p>200 mg of dopamine in 500 mL of normal saline at 10 &micro;g/kg/min is ordered for a 72 kg patient. What is the infusion rate in mL/hour?&nbsp;Round to the nearest whole number. Do not include units.</p>\r\n','Detail',364,'<div><div style=\"left: 0; width: 100%; height: 0; position: relative; padding-bottom: 82.71%;\"><figure style=\"left: 0; width: 100%; height: 0; position: relative; padding-bottom: 82.71%; margin-block-end: 0; margin-block-start: 0; margin-inline-start: 0; margin-inline-end: 0;\" ><iframe src=\"https://media.publit.io/file/NAPLEXCalculationsQuestionBank/FlowRateCalculations/Chapter-15-Question-6-weboptimized.html?player=RxCalc\" scrolling=\"no\" style=\"border: 0; top: 0; left: 0; width: 100%; height: 100%; position: absolute; overflow:hidden;\" allowfullscreen=\"\"></iframe></figure></div></div>\r\n','','','','Medium','<p>&nbsp; &nbsp;</p>\r\n','Active','0','0','Live','00:01:30',1,'2022-02-12 20:58:37','2022-02-12 20:59:30'),(160,9,21,37,43,'<p>A 1000 mL bag of normal saline is to be infused continuously over 4 hours using a 60 gtt/mL administration set. At what rate (gtt/min) should the pump be set?&nbsp;Round to the nearest whole number. Do not include units.</p>\r\n','Detail',365,'<div><div style=\"left: 0; width: 100%; height: 0; position: relative; padding-bottom: 82.71%;\"><figure style=\"left: 0; width: 100%; height: 0; position: relative; padding-bottom: 82.71%; margin-block-end: 0; margin-block-start: 0; margin-inline-start: 0; margin-inline-end: 0;\" ><iframe src=\"https://media.publit.io/file/NAPLEXCalculationsQuestionBank/FlowRateCalculations/Chapter-15-Question-7-weboptimized.html?player=RxCalc\" scrolling=\"no\" style=\"border: 0; top: 0; left: 0; width: 100%; height: 100%; position: absolute; overflow:hidden;\" allowfullscreen=\"\"></iframe></figure></div></div>\r\n','','','','Low','<p>&nbsp; &nbsp;</p>\r\n','Active','0','0','Live','00:01:30',1,'2022-02-12 21:02:42','2022-02-12 21:02:55'),(161,9,21,37,44,'<p>A one liter bag of normal saline is infusing at 75 mL/h. How many hours will the bag last?&nbsp;Round to the nearest tenth. Do not include units.</p>\r\n','Detail',366,'<div><div style=\"left: 0; width: 100%; height: 0; position: relative; padding-bottom: 82.71%;\"><figure style=\"left: 0; width: 100%; height: 0; position: relative; padding-bottom: 82.71%; margin-block-end: 0; margin-block-start: 0; margin-inline-start: 0; margin-inline-end: 0;\" ><iframe src=\"https://media.publit.io/file/NAPLEXCalculationsQuestionBank/FlowRateCalculations/Chapter-15-Question-8-weboptimized.html?player=RxCalc\" scrolling=\"no\" style=\"border: 0; top: 0; left: 0; width: 100%; height: 100%; position: absolute; overflow:hidden;\" allowfullscreen=\"\"></iframe></figure></div></div>\r\n','','','','Low','<p>&nbsp; &nbsp;</p>\r\n','Active','0','0','Live','00:01:30',1,'2022-02-12 21:06:18','2022-02-12 21:06:32'),(162,9,21,37,41,'<p>What is the rate of infusion in mL/h if you are infusing 1500 mL of NS over 6 h?&nbsp;Round to the nearest whole number. Do not include units.</p>\r\n','Detail',367,'<div><div style=\"left: 0; width: 100%; height: 0; position: relative; padding-bottom: 82.71%;\"><figure style=\"left: 0; width: 100%; height: 0; position: relative; padding-bottom: 82.71%; margin-block-end: 0; margin-block-start: 0; margin-inline-start: 0; margin-inline-end: 0;\" ><iframe src=\"https://media.publit.io/file/NAPLEXCalculationsQuestionBank/FlowRateCalculations/Chapter-15-Question-9-weboptimized.html?player=RxCalc\" scrolling=\"no\" style=\"border: 0; top: 0; left: 0; width: 100%; height: 100%; position: absolute; overflow:hidden;\" allowfullscreen=\"\"></iframe></figure></div></div>','','','','Low','<p>&nbsp; &nbsp;</p>\r\n','Active','0','0','Live','00:01:30',1,'2022-02-12 21:09:56','2022-02-12 21:10:19'),(163,9,21,37,41,'<p>If 1 L is infused over 480 minutes, what is the rate of infusion in mL/h?&nbsp;Round to the nearest whole number. Do not include units.</p>\r\n','Detail',368,'<div><div style=\"left: 0; width: 100%; height: 0; position: relative; padding-bottom: 82.71%;\"><figure style=\"left: 0; width: 100%; height: 0; position: relative; padding-bottom: 82.71%; margin-block-end: 0; margin-block-start: 0; margin-inline-start: 0; margin-inline-end: 0;\" ><iframe src=\"https://media.publit.io/file/NAPLEXCalculationsQuestionBank/FlowRateCalculations/Chapter-15-Question-10-weboptimized.html?player=RxCalc\" scrolling=\"no\" style=\"border: 0; top: 0; left: 0; width: 100%; height: 100%; position: absolute; overflow:hidden;\" allowfullscreen=\"\"></iframe></figure></div></div>\r\n','','','','Low','<p>&nbsp; &nbsp;</p>\r\n','Active','0','0','Live','00:01:30',1,'2022-02-12 21:12:25','2022-02-12 21:12:38'),(164,9,21,37,43,'<p>Calculate the rate of infusion in drops/min that a patient should receive if the infusion set delivers 20 drops/mL. The patient should receive 1000 mL of solution over a 24 hour period.&nbsp;Round to the nearest whole number. Do not include units.</p>\r\n','Detail',369,'<div><div style=\"left: 0; width: 100%; height: 0; position: relative; padding-bottom: 82.71%;\"><figure style=\"left: 0; width: 100%; height: 0; position: relative; padding-bottom: 82.71%; margin-block-end: 0; margin-block-start: 0; margin-inline-start: 0; margin-inline-end: 0;\" ><iframe src=\"https://media.publit.io/file/NAPLEXCalculationsQuestionBank/FlowRateCalculations/Chapter-15-Question-11-weboptimized.html?player=RxCalc\" scrolling=\"no\" style=\"border: 0; top: 0; left: 0; width: 100%; height: 100%; position: absolute; overflow:hidden;\" allowfullscreen=\"\"></iframe></figure></div></div>\r\n','','','','Low','<p>&nbsp; &nbsp;</p>\r\n','Active','0','0','Live','00:01:30',1,'2022-02-13 20:20:53','2022-02-13 20:21:05'),(165,9,21,37,43,'<p>You have a medication that contains 1000 mL of D<sub>5</sub>W to be administered for 8 hours. The IV is set at 10 drops/mL. How many drops per minute should the patient receive?&nbsp;Round to the nearest tenth. Do not include units.</p>\r\n','Detail',370,'<div><div style=\"left: 0; width: 100%; height: 0; position: relative; padding-bottom: 82.71%;\"><figure style=\"left: 0; width: 100%; height: 0; position: relative; padding-bottom: 82.71%; margin-block-end: 0; margin-block-start: 0; margin-inline-start: 0; margin-inline-end: 0;\" ><iframe src=\"https://media.publit.io/file/NAPLEXCalculationsQuestionBank/FlowRateCalculations/Chapter-15-Question-12-weboptimized.html?player=RxCalc\" scrolling=\"no\" style=\"border: 0; top: 0; left: 0; width: 100%; height: 100%; position: absolute; overflow:hidden;\" allowfullscreen=\"\"></iframe></figure></div></div>','','','','Low','<p>&nbsp; &nbsp;</p>\r\n','Active','0','0','Live','00:01:30',1,'2022-02-13 20:23:37','2022-02-13 20:23:51'),(166,9,21,37,43,'<p>An order for a 500 mL D<sub>10</sub>W needs to be administered over a 6 h period. If the administration set delivers 15 drops/mL, at what drops per minute does this medication need to be infused?&nbsp;Round to the nearest whole number. Do not include units.</p>\r\n','Detail',371,'<div><div style=\"left: 0; width: 100%; height: 0; position: relative; padding-bottom: 82.71%;\"><figure style=\"left: 0; width: 100%; height: 0; position: relative; padding-bottom: 82.71%; margin-block-end: 0; margin-block-start: 0; margin-inline-start: 0; margin-inline-end: 0;\" ><iframe src=\"https://media.publit.io/file/NAPLEXCalculationsQuestionBank/FlowRateCalculations/Chapter-15-Question-13-weboptimized.html?player=RxCalc\" scrolling=\"no\" style=\"border: 0; top: 0; left: 0; width: 100%; height: 100%; position: absolute; overflow:hidden;\" allowfullscreen=\"\"></iframe></figure></div></div>','','','','Low','<p>&nbsp; &nbsp;</p>\r\n','Active','0','0','Live','00:01:30',1,'2022-02-13 20:26:21','2022-02-13 20:26:34'),(167,9,21,37,41,'<p>A patient was diagnosed with DVT, the physician ordered 25,000 units of heparin in a 2000 mL bag of 5% dextrose. The rate of infusion was set at 250 units/hour. Calculate the rate of infusion in mL/hour.&nbsp;Round to the nearest whole number. Do not include units.</p>\r\n','Detail',372,'<div><div style=\"left: 0; width: 100%; height: 0; position: relative; padding-bottom: 82.71%;\"><figure style=\"left: 0; width: 100%; height: 0; position: relative; padding-bottom: 82.71%; margin-block-end: 0; margin-block-start: 0; margin-inline-start: 0; margin-inline-end: 0;\" ><iframe src=\"https://media.publit.io/file/NAPLEXCalculationsQuestionBank/FlowRateCalculations/Chapter-15-Question-14-weboptimized.html?player=RxCalc\" scrolling=\"no\" style=\"border: 0; top: 0; left: 0; width: 100%; height: 100%; position: absolute; overflow:hidden;\" allowfullscreen=\"\"></iframe></figure></div></div>\r\n','','','','Low','<p>&nbsp; &nbsp;</p>\r\n','Active','0','0','Live','00:01:30',1,'2022-02-13 20:28:37','2022-02-13 20:28:49'),(168,9,21,37,41,'<p>You decide to add 75 mg of a drug to a 750 mL large volume parenteral fluid to deliver 4 mg of drug per hour. Calculate the rate of flow in mL per hour.&nbsp;Round to the nearest whole number. Do not include units.</p>\r\n','Detail',373,'<div><div style=\"left: 0; width: 100%; height: 0; position: relative; padding-bottom: 82.71%;\"><figure style=\"left: 0; width: 100%; height: 0; position: relative; padding-bottom: 82.71%; margin-block-end: 0; margin-block-start: 0; margin-inline-start: 0; margin-inline-end: 0;\" ><iframe src=\"https://media.publit.io/file/NAPLEXCalculationsQuestionBank/FlowRateCalculations/Chapter-15-Question-15-weboptimized.html?player=RxCalc\" scrolling=\"no\" style=\"border: 0; top: 0; left: 0; width: 100%; height: 100%; position: absolute; overflow:hidden;\" allowfullscreen=\"\"></iframe></figure></div></div>','','','','Low','<p>&nbsp; &nbsp;</p>\r\n','Active','0','0','Live','00:01:30',1,'2022-02-13 20:31:03','2022-02-13 20:31:15'),(169,9,21,37,43,'<p>Medication Order: Norepinephrine 10 mg in 500 mL NS. Infuse at 6 &micro;g/min. What is the flow rate (gtt/min) if the administration set delivers 30 gtt/mL?&nbsp;Round to the nearest whole number. Do not include units.</p>\r\n','Detail',374,'<div><div style=\"left: 0; width: 100%; height: 0; position: relative; padding-bottom: 82.71%;\"><figure style=\"left: 0; width: 100%; height: 0; position: relative; padding-bottom: 82.71%; margin-block-end: 0; margin-block-start: 0; margin-inline-start: 0; margin-inline-end: 0;\" ><iframe src=\"https://media.publit.io/file/NAPLEXCalculationsQuestionBank/FlowRateCalculations/Chapter-15-Question-16-weboptimized.html?player=RxCalc\" scrolling=\"no\" style=\"border: 0; top: 0; left: 0; width: 100%; height: 100%; position: absolute; overflow:hidden;\" allowfullscreen=\"\"></iframe></figure></div></div>','','','','Medium','<p>&nbsp; &nbsp;</p>\r\n','Active','0','0','Live','00:01:30',1,'2022-02-13 20:33:59','2022-02-13 20:34:12'),(170,9,21,37,46,'<p>A physician orders a 3 g vial of levofloxacin to be added to a 250 mL bag of D<sub>5</sub>W. The administration rate is 100 mL per hour. How many milligrams of levofloxacin will the patient receive per minute? Round to the nearest whole number. Do not include units.</p>\r\n','Detail',375,'<div><div style=\"left: 0; width: 100%; height: 0; position: relative; padding-bottom: 82.71%;\"><figure style=\"left: 0; width: 100%; height: 0; position: relative; padding-bottom: 82.71%; margin-block-end: 0; margin-block-start: 0; margin-inline-start: 0; margin-inline-end: 0;\" ><iframe src=\"https://media.publit.io/file/NAPLEXCalculationsQuestionBank/FlowRateCalculations/Chapter-15-Question-17-weboptimized.html?player=RxCalc\" scrolling=\"no\" style=\"border: 0; top: 0; left: 0; width: 100%; height: 100%; position: absolute; overflow:hidden;\" allowfullscreen=\"\"></iframe></figure></div></div>','','','','Medium','<p>&nbsp; &nbsp;</p>\r\n','Active','0','0','Live','00:01:30',1,'2022-02-13 20:37:01','2022-02-13 20:37:15'),(171,9,21,37,43,'<p>A 120 lb patient is to receive dopamine dosed at 25 &micro;g/kg/min. The dopamine solution is 1500 &micro;g/mL to be delivered at 60 drops/mL. At what rate (gtt/min) should the dose be given?&nbsp;Round to the nearest whole number. Do not include units.</p>\r\n','Detail',376,'<div><div style=\"left: 0; width: 100%; height: 0; position: relative; padding-bottom: 82.71%;\"><figure style=\"left: 0; width: 100%; height: 0; position: relative; padding-bottom: 82.71%; margin-block-end: 0; margin-block-start: 0; margin-inline-start: 0; margin-inline-end: 0;\" ><iframe src=\"https://media.publit.io/file/NAPLEXCalculationsQuestionBank/FlowRateCalculations/Chapter-15-Question-18-weboptimized.html?player=RxCalc\" scrolling=\"no\" style=\"border: 0; top: 0; left: 0; width: 100%; height: 100%; position: absolute; overflow:hidden;\" allowfullscreen=\"\"></iframe></figure></div></div>\r\n','','','','High','<p>&nbsp; &nbsp;</p>\r\n','Active','0','0','Live','00:01:30',1,'2022-02-13 20:40:03','2022-02-13 20:40:16'),(172,9,21,37,43,'<p>A medication order calls for a heparin drip at 7 &micro;g/kg/min for a patient weighing 174 lbs. What should the drip rate (gtt/min) be if the 250 mL infusion bag contains 300 mg of heparin and the administration set delivers 50 drops/mL?&nbsp;Round to the nearest whole number. Do not include units.</p>\r\n','Detail',377,'<div><div style=\"left: 0; width: 100%; height: 0; position: relative; padding-bottom: 82.71%;\"><figure style=\"left: 0; width: 100%; height: 0; position: relative; padding-bottom: 82.71%; margin-block-end: 0; margin-block-start: 0; margin-inline-start: 0; margin-inline-end: 0;\" ><iframe src=\"https://media.publit.io/file/NAPLEXCalculationsQuestionBank/FlowRateCalculations/Chapter-15-Question-19-weboptimized.html?player=RxCalc\" scrolling=\"no\" style=\"border: 0; top: 0; left: 0; width: 100%; height: 100%; position: absolute; overflow:hidden;\" allowfullscreen=\"\"></iframe></figure></div></div>\r\n','','','','High','<p>&nbsp; &nbsp;</p>\r\n','Active','0','0','Live','00:01:30',1,'2022-02-13 20:43:00','2022-02-13 20:43:13'),(173,9,21,37,41,'<p>The recommended dose of aminophylline for children is 1.0 mg/kg/h by injection. 15 mL of a 30 mg/mL solution is added to a 150 mL bottle of D<sub>5</sub>W. At what rate in mL/h should the injection be delivered to a 35 lb child? Round to the nearest tenth. Do not include units.</p>\r\n','Detail',378,'<div><div style=\"left: 0; width: 100%; height: 0; position: relative; padding-bottom: 82.71%;\"><figure style=\"left: 0; width: 100%; height: 0; position: relative; padding-bottom: 82.71%; margin-block-end: 0; margin-block-start: 0; margin-inline-start: 0; margin-inline-end: 0;\" ><iframe src=\"https://media.publit.io/file/NAPLEXCalculationsQuestionBank/FlowRateCalculations/Chapter-15-Question-20-weboptimized.html?player=RxCalc\" scrolling=\"no\" style=\"border: 0; top: 0; left: 0; width: 100%; height: 100%; position: absolute; overflow:hidden;\" allowfullscreen=\"\"></iframe></figure></div></div>','','','','High','<p>&nbsp; &nbsp;</p>\r\n','Active','0','0','Live','00:01:30',1,'2022-02-13 20:46:21','2022-02-13 20:46:35');
/*!40000 ALTER TABLE `tbl_questions` ENABLE KEYS */;
UNLOCK TABLES;

--
-- Table structure for table `tbl_quick_test`
--

DROP TABLE IF EXISTS `tbl_quick_test`;
/*!40101 SET @saved_cs_client     = @@character_set_client */;
/*!40101 SET character_set_client = utf8 */;
CREATE TABLE `tbl_quick_test` (
  `id` int(11) NOT NULL AUTO_INCREMENT,
  `test_title` varchar(255) NOT NULL,
  `user_id` int(11) NOT NULL,
  `ip_address` varchar(25) NOT NULL,
  `category_id` int(11) NOT NULL,
  `type_id` int(11) NOT NULL,
  `user_type` enum('Demo','Register') NOT NULL,
  `random_id` double NOT NULL,
  `created_date` datetime NOT NULL DEFAULT CURRENT_TIMESTAMP,
  PRIMARY KEY (`id`)
) ENGINE=InnoDB AUTO_INCREMENT=204 DEFAULT CHARSET=latin1;
/*!40101 SET character_set_client = @saved_cs_client */;

--
-- Dumping data for table `tbl_quick_test`
--

LOCK TABLES `tbl_quick_test` WRITE;
/*!40000 ALTER TABLE `tbl_quick_test` DISABLE KEYS */;
INSERT INTO `tbl_quick_test` VALUES (1,'Start Test 1',25,'73.72.229.5',9,18,'Register',1615,'2020-10-15 06:14:48'),(2,'Start Test 2',25,'73.72.229.5',9,8,'Register',1557,'2020-10-15 06:17:36'),(3,'Generate Test 1',25,'73.72.229.5',9,8,'Register',1819,'2020-10-15 06:21:06'),(4,'Untitled2',25,'73.72.229.5',9,9,'Register',3738,'2020-10-15 06:23:17'),(5,'Untitled 5',25,'73.72.229.5',9,11,'Register',1297,'2020-10-15 06:24:45'),(6,'Untitled6',25,'73.72.229.5',9,11,'Register',9508,'2020-10-15 06:27:03'),(7,'Untitled',28,'73.72.229.5',9,18,'Demo',1713,'2020-10-15 06:30:10'),(8,'Untitled3',28,'73.72.229.5',9,11,'Demo',9273,'2020-10-15 06:30:54'),(9,'Untitled22',28,'73.72.229.5',9,18,'Demo',1436,'2020-10-15 06:38:52'),(10,'Untitled254',25,'73.72.229.5',9,9,'Register',2538,'2020-10-15 12:59:11'),(11,'Mobile test1',25,'73.72.229.5',9,9,'Register',1602,'2020-10-18 08:51:23'),(12,'start test100',25,'73.72.229.5',9,11,'Register',3107,'2020-10-20 21:42:30'),(13,'Test 2',25,'73.72.229.5',9,15,'Register',1367,'2020-10-23 08:00:45'),(14,'',25,'73.72.229.5',9,11,'Register',4290,'2020-10-25 19:01:37'),(15,'',25,'73.72.229.5',9,8,'Register',1789,'2020-11-06 19:31:00'),(16,'',25,'73.72.229.5',9,19,'Register',1320,'2020-11-08 03:00:37'),(17,'',25,'73.72.229.5',9,8,'Register',5143,'2020-11-08 03:02:58'),(18,'',25,'73.72.229.5',9,19,'Register',2907,'2020-11-08 03:03:25'),(19,'',25,'73.72.229.5',9,19,'Register',2276,'2020-11-08 03:04:52'),(20,'',25,'73.72.229.5',9,19,'Register',1424,'2020-11-08 03:06:03'),(21,'',25,'73.72.229.5',9,19,'Register',2013,'2020-11-08 03:08:34'),(22,'Untitled254',25,'73.72.229.5',9,15,'Register',1614,'2020-11-20 01:18:12'),(23,'',25,'73.72.229.5',9,8,'Register',2547,'2020-11-28 18:10:37'),(24,'Test Quiz',25,'73.72.229.5',9,9,'Register',6080,'2020-12-20 01:03:44'),(25,'',25,'73.72.229.5',9,21,'Register',9461,'2020-12-20 08:00:38'),(26,'',25,'73.72.229.5',9,21,'Register',1028,'2020-12-20 08:23:21'),(27,'',25,'73.72.229.5',9,21,'Register',8085,'2020-12-20 08:57:57'),(28,'',25,'173.245.202.58',9,21,'Register',1893,'2020-12-20 16:23:56'),(29,'',25,'173.245.202.58',9,21,'Register',9840,'2020-12-20 18:36:42'),(30,'',25,'173.245.202.58',9,21,'Register',9870,'2020-12-20 18:56:14'),(31,'Test 3-',25,'173.245.202.58',9,21,'Register',1352,'2020-12-20 19:16:33'),(32,'',25,'173.245.202.58',9,21,'Register',2132,'2020-12-20 19:18:56'),(33,'TPN Test 2',25,'73.72.229.5',9,21,'Register',1039,'2020-12-25 00:48:26'),(34,'Timed TPN Test 1',25,'73.72.229.5',9,21,'Register',1901,'2020-12-25 00:56:12'),(35,'TPN Test quiz 2',25,'73.72.229.5',9,21,'Register',7765,'2020-12-29 16:28:42'),(36,'Untitled254',25,'73.72.229.5',9,21,'Register',1051,'2020-12-29 16:36:22'),(37,'',25,'73.72.229.5',9,21,'Register',9830,'2020-12-29 16:36:53'),(38,'TPN Test 3',25,'73.72.229.5',9,21,'Register',1589,'2020-12-29 16:40:34'),(39,'test 2 tpn',25,'73.72.229.5',9,21,'Register',1644,'2021-01-02 18:43:27'),(40,'',25,'73.72.229.5',9,21,'Register',9398,'2021-02-21 22:51:43'),(41,'',25,'73.72.229.5',9,21,'Register',1109,'2021-02-21 23:18:15'),(42,'',25,'73.72.229.5',9,21,'Register',1591,'2021-02-23 14:57:41'),(43,'',25,'73.72.229.5',9,21,'Register',6698,'2021-02-23 15:14:09'),(44,'',25,'73.72.229.5',9,21,'Register',2219,'2021-02-24 12:20:47'),(45,'',25,'205.185.193.67',9,21,'Register',6129,'2021-02-25 04:07:51'),(46,'',25,'205.185.193.67',9,21,'Register',2825,'2021-02-25 04:12:24'),(47,'',25,'73.72.229.5',9,21,'Register',1614,'2021-02-26 03:38:13'),(48,'',25,'73.72.229.5',9,21,'Register',2855,'2021-02-26 03:38:41'),(49,'',25,'73.72.229.5',9,21,'Register',2140,'2021-02-26 03:47:14'),(50,'',25,'73.72.229.5',9,21,'Register',9612,'2021-02-26 22:03:31'),(51,'TPN test quiz 3',25,'73.72.229.5',9,21,'Register',1984,'2021-02-26 22:32:23'),(52,'',25,'73.72.229.5',9,21,'Register',2097,'2021-02-26 22:48:12'),(53,'',25,'73.72.229.5',9,21,'Register',1436,'2021-03-06 04:58:49'),(54,'',25,'73.72.229.5',9,21,'Register',6460,'2021-03-06 04:59:21'),(55,'',25,'216.131.73.44',9,21,'Register',1147,'2021-06-06 01:56:56'),(56,'',25,'216.131.73.44',9,21,'Register',1119,'2021-06-06 01:58:44'),(57,'',25,'216.131.73.44',9,21,'Register',1759,'2021-06-06 01:59:33'),(58,'',25,'216.131.73.44',9,21,'Register',1420,'2021-06-06 02:10:20'),(59,'',25,'173.245.202.230',9,21,'Register',3454,'2021-06-19 04:51:45'),(60,'',25,'209.175.72.4',9,21,'Register',3505,'2021-07-29 16:44:37'),(61,'',25,'209.175.72.4',9,21,'Register',6538,'2021-07-29 16:55:02'),(62,'',25,'209.175.72.4',9,21,'Register',1449,'2021-07-29 16:58:29'),(63,'',25,'209.175.72.4',9,21,'Register',1389,'2021-07-29 16:58:43'),(64,'',25,'162.255.44.32',9,21,'Register',1709,'2021-07-29 19:35:08'),(65,'',25,'73.72.229.5',9,21,'Register',1618,'2021-07-30 00:16:08'),(66,'',25,'73.72.229.5',9,21,'Register',1184,'2021-07-30 00:29:46'),(67,'',25,'73.72.229.5',9,21,'Register',1819,'2021-07-30 12:56:36'),(68,'',25,'73.72.229.5',9,21,'Register',2897,'2021-07-30 13:03:42'),(69,'',25,'73.72.229.5',9,21,'Register',1818,'2021-07-30 13:07:19'),(70,'',25,'73.72.229.5',9,21,'Register',1316,'2021-07-30 13:10:55'),(71,'',25,'193.37.252.250',9,21,'Register',8873,'2021-07-30 23:07:33'),(72,'',25,'193.37.252.250',9,21,'Register',8841,'2021-07-30 23:15:21'),(73,'',25,'193.37.252.250',9,21,'Register',1530,'2021-07-30 23:16:43'),(74,'new test',25,'73.72.229.5',9,21,'Register',1875,'2021-10-03 03:41:17'),(75,'',25,'73.72.229.5',9,21,'Register',7327,'2021-10-03 16:21:25'),(76,'',25,'73.72.229.5',9,21,'Register',4658,'2021-10-03 16:35:01'),(77,'',25,'101.50.109.63',9,21,'Register',1355,'2021-10-04 06:42:02'),(78,'',25,'101.50.109.63',9,21,'Register',1908,'2021-10-04 06:45:43'),(79,'',25,'101.50.109.63',9,21,'Register',6934,'2021-10-04 06:52:24'),(80,'',25,'101.50.109.63',9,21,'Register',2926,'2021-10-04 07:05:18'),(81,'',25,'101.50.109.63',9,21,'Register',6720,'2021-10-04 07:13:16'),(82,'',25,'23.227.148.138',9,21,'Register',5131,'2021-10-05 20:44:54'),(83,'new new test',25,'162.251.5.51',9,21,'Register',9491,'2021-10-06 01:44:40'),(84,'',25,'23.227.148.138',9,21,'Register',4293,'2021-10-08 22:54:32'),(85,'New test trial',25,'23.227.148.138',9,21,'Register',9429,'2021-10-08 22:54:49'),(86,'',25,'73.72.229.5',9,21,'Register',7871,'2021-10-29 00:23:42'),(87,'',25,'73.72.229.5',9,21,'Register',1768,'2021-10-29 23:25:56'),(88,'',25,'73.72.229.5',9,21,'Register',6899,'2021-10-30 12:06:13'),(89,'',25,'73.72.229.5',9,21,'Register',4290,'2021-10-30 12:08:44'),(90,'',25,'73.72.229.5',9,21,'Register',3955,'2021-10-30 12:09:40'),(91,'',25,'73.72.229.5',9,21,'Register',1020,'2021-10-30 12:10:33'),(92,'',25,'73.72.229.5',9,21,'Register',1184,'2021-10-30 12:11:58'),(93,'',25,'73.72.229.5',9,21,'Register',1468,'2021-10-30 12:12:23'),(94,'',25,'73.72.229.5',9,21,'Register',1765,'2021-10-30 12:12:44'),(95,'',25,'23.227.148.98',9,21,'Register',1122,'2021-10-31 02:24:25'),(96,'',25,'115.186.169.105',9,21,'Register',5465,'2021-11-15 11:55:21'),(97,'',25,'45.87.214.85',9,21,'Register',1725,'2021-11-15 11:56:55'),(98,'',25,'115.186.169.105',9,21,'Register',5445,'2021-11-15 12:04:28'),(99,'',25,'45.87.214.85',9,21,'Register',1473,'2021-11-15 12:08:26'),(100,'',25,'45.87.214.85',9,21,'Register',1000,'2021-11-15 12:19:47'),(101,'',25,'45.87.214.85',9,21,'Register',4585,'2021-11-15 12:21:06'),(102,'',25,'115.186.169.105',9,21,'Register',1564,'2021-11-15 12:26:02'),(103,'',25,'115.186.169.105',9,21,'Register',1030,'2021-11-15 12:26:13'),(104,'',25,'115.186.169.105',9,21,'Register',1871,'2021-11-15 12:27:36'),(105,'',25,'115.186.169.105',9,21,'Register',2125,'2021-11-15 12:27:45'),(106,'',25,'45.87.214.85',9,21,'Register',1001,'2021-11-15 12:28:11'),(107,'',25,'45.87.214.85',9,21,'Register',1311,'2021-11-15 12:30:19'),(108,'',25,'115.186.169.105',9,21,'Register',2629,'2021-11-15 12:33:01'),(109,'',25,'45.87.214.85',9,21,'Register',1217,'2021-11-15 12:34:34'),(110,'',25,'115.186.169.105',9,21,'Register',2054,'2021-11-15 12:36:42'),(111,'',25,'115.186.169.105',9,21,'Register',6023,'2021-11-15 12:37:20'),(112,'',25,'45.87.214.85',9,21,'Register',2085,'2021-11-15 12:41:36'),(113,'',25,'45.87.214.85',9,21,'Register',6744,'2021-11-15 12:49:49'),(114,'',25,'45.87.214.85',9,21,'Register',1001,'2021-11-15 12:51:15'),(115,'',25,'45.87.214.85',9,21,'Register',1286,'2021-11-15 12:51:50'),(116,'',25,'45.87.214.85',9,21,'Register',1354,'2021-11-15 12:52:30'),(117,'',25,'45.87.214.85',9,21,'Register',1559,'2021-11-15 12:53:18'),(118,'',25,'45.87.214.85',9,21,'Register',1408,'2021-11-15 12:53:45'),(119,'',25,'115.186.169.105',9,21,'Register',9881,'2021-11-15 12:55:12'),(120,'',25,'115.186.169.105',9,21,'Register',7534,'2021-11-15 12:55:32'),(121,'',25,'115.186.169.105',9,21,'Register',4322,'2021-11-15 12:56:26'),(122,'',25,'115.186.169.105',9,21,'Register',7314,'2021-11-15 13:02:14'),(123,'',25,'45.87.214.85',9,21,'Register',2349,'2021-11-15 13:39:44'),(124,'',25,'45.87.214.85',9,21,'Register',1559,'2021-11-15 13:58:50'),(125,'',25,'45.87.214.85',9,21,'Register',9008,'2021-11-15 13:59:47'),(126,'',25,'45.87.214.73',9,21,'Register',4244,'2021-11-16 05:37:26'),(127,'',25,'45.87.214.73',9,21,'Register',4957,'2021-11-16 07:20:12'),(128,'',25,'45.87.214.73',9,21,'Register',1473,'2021-11-16 10:08:34'),(129,'',25,'45.87.214.73',9,21,'Register',1924,'2021-11-16 10:12:46'),(130,'',25,'45.87.214.73',9,21,'Register',2042,'2021-11-16 11:56:35'),(131,'',25,'45.87.214.73',9,21,'Register',1857,'2021-11-16 12:27:37'),(132,'',25,'45.87.214.73',9,21,'Register',1763,'2021-11-16 12:28:07'),(133,'',25,'73.72.229.5',9,21,'Register',1602,'2021-11-17 22:56:58'),(134,'',25,'73.72.229.5',9,21,'Register',1175,'2021-11-17 22:58:36'),(135,'',25,'73.72.229.5',9,21,'Register',1671,'2021-11-17 23:25:56'),(136,'',25,'115.186.169.105',9,21,'Register',1294,'2021-11-18 10:32:44'),(137,'',25,'115.186.169.105',9,21,'Register',1135,'2021-11-18 10:38:34'),(138,'',25,'115.186.169.105',9,21,'Register',3379,'2021-11-18 10:39:20'),(139,'',25,'37.120.215.174',9,21,'Register',1629,'2021-11-18 12:02:25'),(140,'',25,'37.120.215.174',9,21,'Register',1167,'2021-11-18 12:18:58'),(141,'',25,'37.120.215.174',9,21,'Register',5122,'2021-11-18 12:19:34'),(142,'',25,'37.120.215.174',9,21,'Register',2145,'2021-11-18 12:20:06'),(143,'',25,'37.120.215.174',9,21,'Register',1802,'2021-11-18 12:20:21'),(144,'',25,'37.120.215.174',9,21,'Register',9675,'2021-11-18 12:20:32'),(145,'',25,'37.120.215.174',9,21,'Register',2116,'2021-11-18 12:20:43'),(146,'',25,'37.120.215.174',9,21,'Register',1866,'2021-11-18 12:20:58'),(147,'',25,'37.120.215.174',9,21,'Register',1851,'2021-11-18 12:21:31'),(148,'',25,'37.120.215.174',9,21,'Register',1117,'2021-11-18 12:24:27'),(149,'',25,'37.120.215.174',9,21,'Register',3680,'2021-11-18 12:25:16'),(150,'',25,'37.120.215.174',9,21,'Register',2143,'2021-11-18 12:25:27'),(151,'',25,'37.120.215.174',9,21,'Register',9912,'2021-11-18 12:25:37'),(152,'',25,'115.186.169.105',9,21,'Register',7954,'2021-11-18 12:41:15'),(153,'',25,'115.186.169.105',9,21,'Register',8121,'2021-11-18 12:58:19'),(154,'',25,'115.186.169.105',9,21,'Register',2080,'2021-11-18 13:04:45'),(155,'',25,'27.122.12.236',9,21,'Register',1598,'2021-11-24 07:57:23'),(156,'',25,'27.122.12.236',9,21,'Register',1271,'2021-11-24 07:57:33'),(157,'',25,'27.122.12.236',9,21,'Register',1531,'2021-11-24 07:57:41'),(158,'',25,'27.122.12.236',9,21,'Register',1223,'2021-11-24 07:57:51'),(159,'Latest test',25,'198.60.110.16',9,21,'Register',1793,'2021-11-24 23:59:06'),(160,'Th',25,'198.60.110.16',9,21,'Register',1614,'2021-11-25 00:32:27'),(161,'',25,'198.60.110.16',9,21,'Register',2543,'2021-11-25 00:33:09'),(162,'',25,'73.72.229.5',9,21,'Register',1997,'2021-11-25 11:18:27'),(163,'',25,'73.72.229.5',9,21,'Register',7052,'2021-11-25 11:31:29'),(164,'',25,'73.72.229.5',9,21,'Register',1820,'2021-11-25 15:42:03'),(165,'',25,'73.72.229.5',9,21,'Register',2519,'2021-11-25 15:53:23'),(166,'',25,'73.72.229.5',9,21,'Register',8176,'2021-11-25 21:32:21'),(167,'',25,'73.72.229.5',9,21,'Register',4895,'2021-11-25 21:42:14'),(168,'',25,'23.227.148.162',9,21,'Register',1999,'2021-11-26 03:47:47'),(169,'',25,'86.106.87.107',9,21,'Register',1714,'2021-11-26 05:22:26'),(170,'',25,'23.227.148.162',9,21,'Register',1740,'2021-11-26 19:42:46'),(171,'',25,'73.72.229.5',9,21,'Register',1402,'2021-11-27 17:01:28'),(172,'Trial1',25,'73.72.229.5',9,21,'Register',6989,'2021-12-04 16:43:37'),(173,'Trial2',25,'73.72.229.5',9,21,'Register',1903,'2021-12-04 16:53:26'),(174,'Demo 12',25,'89.43.104.35',9,21,'Register',4134,'2021-12-04 17:32:23'),(175,'Demo trial 12',25,'194.5.215.74',9,21,'Register',2060,'2021-12-05 19:56:38'),(176,'Latest test',25,'73.72.229.5',9,21,'Register',6725,'2022-01-30 14:40:06'),(177,'',25,'23.227.148.82',9,21,'Register',1770,'2022-02-12 01:30:42'),(178,'',25,'23.227.148.82',9,21,'Register',5314,'2022-02-12 01:35:06'),(179,'',25,'23.227.148.82',9,21,'Register',2186,'2022-02-12 20:33:03'),(180,'',25,'23.227.148.82',9,21,'Register',9476,'2022-02-12 20:41:35'),(181,'',25,'23.227.148.82',9,21,'Register',3666,'2022-02-12 20:43:01'),(182,'',25,'23.227.148.82',9,21,'Register',4752,'2022-02-12 20:46:30'),(183,'',25,'23.227.148.82',9,21,'Register',2068,'2022-02-12 20:51:04'),(184,'',25,'23.227.148.82',9,21,'Register',2014,'2022-02-12 20:55:28'),(185,'',25,'23.227.148.82',9,21,'Register',1686,'2022-02-12 20:59:12'),(186,'',25,'23.227.148.82',9,21,'Register',2035,'2022-02-12 21:03:27'),(187,'',25,'23.227.148.82',9,21,'Register',1280,'2022-02-12 21:07:01'),(188,'',25,'23.227.148.82',9,21,'Register',1895,'2022-02-12 21:10:49'),(189,'',25,'23.227.148.82',9,21,'Register',1907,'2022-02-12 21:13:10'),(190,'',25,'73.72.229.5',9,21,'Register',1466,'2022-02-12 22:37:40'),(191,'',25,'73.72.229.5',9,21,'Register',6518,'2022-02-12 23:06:27'),(192,'',25,'217.148.142.138',9,21,'Register',3699,'2022-02-13 20:21:45'),(193,'',25,'217.148.142.138',9,21,'Register',1975,'2022-02-13 20:24:20'),(194,'',25,'217.148.142.138',9,21,'Register',9387,'2022-02-13 20:26:58'),(195,'',25,'217.148.142.138',9,21,'Register',1873,'2022-02-13 20:29:07'),(196,'',25,'217.148.142.138',9,21,'Register',1545,'2022-02-13 20:31:35'),(197,'',25,'217.148.142.138',9,21,'Register',1256,'2022-02-13 20:34:31'),(198,'',25,'217.148.142.138',9,21,'Register',1707,'2022-02-13 20:37:35'),(199,'',25,'217.148.142.138',9,21,'Register',1156,'2022-02-13 20:40:42'),(200,'',25,'217.148.142.138',9,21,'Register',1832,'2022-02-13 20:43:36'),(201,'',25,'217.148.142.138',9,21,'Register',1434,'2022-02-13 20:46:52'),(202,'',25,'73.72.229.5',9,21,'Register',7242,'2022-02-18 02:55:25'),(203,'New Test Review',25,'73.72.229.5',9,21,'Register',8236,'2022-03-06 13:37:35');
/*!40000 ALTER TABLE `tbl_quick_test` ENABLE KEYS */;
UNLOCK TABLES;

--
-- Table structure for table `tbl_quick_user_test`
--

DROP TABLE IF EXISTS `tbl_quick_user_test`;
/*!40101 SET @saved_cs_client     = @@character_set_client */;
/*!40101 SET character_set_client = utf8 */;
CREATE TABLE `tbl_quick_user_test` (
  `id` int(11) NOT NULL AUTO_INCREMENT,
  `test_id` int(11) NOT NULL,
  `user_id` int(11) NOT NULL,
  `user_type` enum('Demo','Register') NOT NULL,
  `question_id` int(11) NOT NULL,
  `category_id` int(11) NOT NULL,
  `type_id` int(11) NOT NULL,
  `answer` enum('Correct','Pending','Wrong') NOT NULL,
  `user_answer` text NOT NULL,
  `solve_time` varchar(50) NOT NULL,
  `is_bookmark` enum('Yes','No','What') NOT NULL DEFAULT 'No',
  PRIMARY KEY (`id`)
) ENGINE=InnoDB AUTO_INCREMENT=690 DEFAULT CHARSET=latin1;
/*!40101 SET character_set_client = @saved_cs_client */;

--
-- Dumping data for table `tbl_quick_user_test`
--

LOCK TABLES `tbl_quick_user_test` WRITE;
/*!40000 ALTER TABLE `tbl_quick_user_test` DISABLE KEYS */;
INSERT INTO `tbl_quick_user_test` VALUES (1,1615,25,'Register',60,9,18,'Wrong','30','00:09','No'),(2,1557,25,'Register',40,9,8,'Wrong','25','00:07','No'),(3,1557,25,'Register',41,9,8,'Wrong','255','00:06','No'),(4,1557,25,'Register',32,9,8,'Wrong','252','00:05','No'),(5,1819,25,'Register',33,9,8,'Wrong','125','00:06','No'),(6,1819,25,'Register',34,9,8,'Wrong','125','00:05','No'),(7,1819,25,'Register',39,9,8,'Wrong','250','00:08','No'),(8,3738,25,'Register',68,9,9,'Correct','24','00:17','No'),(9,3738,25,'Register',66,9,9,'Correct','8','00:06','No'),(10,1297,25,'Register',46,9,11,'Wrong','0.292','00:09','No'),(11,1297,25,'Register',31,9,11,'Wrong','126','00:07','No'),(12,9508,25,'Register',45,9,11,'Wrong','258','00:08','No'),(13,9508,25,'Register',29,9,11,'Wrong','125','00:04','No'),(14,1713,28,'Demo',63,9,18,'Correct','','00:03','No'),(15,1713,28,'Demo',54,9,18,'Wrong','125','00:05','No'),(16,9273,28,'Demo',43,9,11,'Correct','167','00:51','No'),(17,9273,28,'Demo',16,9,11,'Wrong','6','00:19','No'),(18,9273,28,'Demo',18,9,11,'Wrong','10','00:21','No'),(19,9273,28,'Demo',17,9,11,'Wrong','0.30','00:55','No'),(20,9273,28,'Demo',42,9,11,'Correct','962','00:29','No'),(21,1436,28,'Demo',53,9,18,'Wrong','21','00:06','No'),(22,1436,28,'Demo',61,9,18,'Correct','0.111','00:09','No'),(23,1436,28,'Demo',63,9,18,'Correct','','00:03','No'),(24,1436,28,'Demo',64,9,18,'Correct','','00:02','No'),(25,1436,28,'Demo',58,9,18,'Correct','','00:02','No'),(26,2538,25,'Register',68,9,9,'Correct','24','00:17','No'),(27,2538,25,'Register',66,9,9,'Correct','8','00:06','No'),(28,1602,25,'Register',68,9,9,'Correct','24','00:17','No'),(29,1602,25,'Register',66,9,9,'Correct','8','00:06','No'),(30,3107,25,'Register',51,9,11,'Correct','1500','02:44','No'),(31,3107,25,'Register',44,9,11,'Correct','180','02:59','No'),(32,3107,25,'Register',49,9,11,'Wrong','77','00:11','No'),(33,1367,25,'Register',52,9,15,'Correct','9','00:03','No'),(34,1367,25,'Register',47,9,15,'Wrong','125.00','00:08','No'),(35,4290,25,'Register',48,9,11,'Wrong','236','00:04','No'),(36,4290,25,'Register',50,9,11,'Wrong','151','00:04','No'),(37,4290,25,'Register',30,9,11,'Pending','','','No'),(38,1789,25,'Register',39,9,8,'Wrong','250','00:08','No'),(39,1789,25,'Register',34,9,8,'Pending','','','No'),(40,1789,25,'Register',33,9,8,'Pending','','','No'),(41,1789,25,'Register',32,9,8,'Pending','','','No'),(42,1320,25,'Register',70,9,19,'Wrong','25','04:13','No'),(43,5143,25,'Register',37,9,8,'Correct','3.1','00:04','No'),(44,2907,25,'Register',70,9,19,'Wrong','25','04:13','No'),(45,2276,25,'Register',70,9,19,'Wrong','25','04:13','No'),(46,1424,25,'Register',70,9,19,'Wrong','25','04:13','No'),(47,2013,25,'Register',70,9,19,'Wrong','25','04:13','No'),(48,1614,25,'Register',47,9,15,'Wrong','125.00','00:08','No'),(49,1614,25,'Register',52,9,15,'Correct','9','00:03','No'),(50,2547,25,'Register',40,9,8,'Wrong','25','00:07','No'),(51,2547,25,'Register',37,9,8,'Correct','3.1','00:04','No'),(52,6080,25,'Register',66,9,9,'Correct','8','00:06','No'),(53,6080,25,'Register',68,9,9,'Correct','24','00:17','No'),(54,9461,25,'Register',71,9,21,'Wrong','25255','00:09','No'),(55,1028,25,'Register',71,9,21,'Wrong','25255','00:09','No'),(56,8085,25,'Register',71,9,21,'Wrong','25255','00:09','No'),(57,1893,25,'Register',71,9,21,'Wrong','25255','00:09','No'),(58,9840,25,'Register',71,9,21,'Wrong','25255','00:09','No'),(59,9840,25,'Register',73,9,21,'Wrong','','00:03','No'),(60,9840,25,'Register',74,9,21,'Wrong','','00:02','No'),(61,9840,25,'Register',72,9,21,'Wrong','2150','00:06','No'),(62,9870,25,'Register',75,9,21,'Wrong','','00:02','No'),(63,9870,25,'Register',76,9,21,'Wrong','','00:13','No'),(64,1352,25,'Register',76,9,21,'Wrong','','00:13','No'),(65,1352,25,'Register',75,9,21,'Wrong','','00:02','No'),(66,1352,25,'Register',72,9,21,'Wrong','2150','00:06','No'),(67,2132,25,'Register',72,9,21,'Wrong','2150','00:06','No'),(68,2132,25,'Register',76,9,21,'Wrong','','00:13','No'),(69,1039,25,'Register',79,9,21,'Wrong','1554','00:04','No'),(70,1039,25,'Register',74,9,21,'Wrong','','00:02','No'),(71,1039,25,'Register',75,9,21,'Wrong','','00:02','No'),(72,1039,25,'Register',73,9,21,'Wrong','','00:03','No'),(73,1039,25,'Register',72,9,21,'Wrong','2150','00:06','No'),(74,1901,25,'Register',81,9,21,'Wrong','','00:01','No'),(75,1901,25,'Register',73,9,21,'Wrong','','00:03','No'),(76,1901,25,'Register',82,9,21,'Wrong','','00:01','No'),(77,1901,25,'Register',80,9,21,'Wrong','','00:05','No'),(78,1901,25,'Register',75,9,21,'Wrong','','00:02','No'),(79,7765,25,'Register',76,9,21,'Wrong','','00:13','No'),(80,7765,25,'Register',75,9,21,'Wrong','','00:02','No'),(81,7765,25,'Register',80,9,21,'Wrong','','00:05','No'),(82,7765,25,'Register',72,9,21,'Wrong','2150','00:06','No'),(83,7765,25,'Register',71,9,21,'Wrong','25255','00:09','No'),(84,1051,25,'Register',76,9,21,'Wrong','','00:13','No'),(85,1051,25,'Register',72,9,21,'Wrong','2150','00:06','No'),(86,1051,25,'Register',80,9,21,'Wrong','','00:05','No'),(87,1051,25,'Register',79,9,21,'Wrong','1554','00:04','No'),(88,1051,25,'Register',71,9,21,'Wrong','25255','00:09','No'),(89,9830,25,'Register',74,9,21,'Wrong','','00:02','No'),(90,9830,25,'Register',75,9,21,'Wrong','','00:02','No'),(91,9830,25,'Register',72,9,21,'Wrong','2150','00:06','No'),(92,9830,25,'Register',79,9,21,'Wrong','1554','00:04','No'),(93,9830,25,'Register',71,9,21,'Wrong','25255','00:09','No'),(94,1589,25,'Register',79,9,21,'Wrong','1554','00:04','No'),(95,1589,25,'Register',80,9,21,'Wrong','','00:05','No'),(96,1589,25,'Register',76,9,21,'Wrong','','00:13','No'),(97,1589,25,'Register',74,9,21,'Wrong','','00:02','No'),(98,1589,25,'Register',75,9,21,'Wrong','','00:02','No'),(99,1644,25,'Register',77,9,21,'Wrong','','00:02','No'),(100,1644,25,'Register',85,9,21,'Correct','147','00:10','No'),(101,9398,25,'Register',88,9,21,'Wrong','','00:01','No'),(102,9398,25,'Register',92,9,21,'Wrong','','00:12','No'),(103,9398,25,'Register',90,9,21,'Wrong','','00:05','No'),(104,9398,25,'Register',89,9,21,'Correct','111','00:10','No'),(105,9398,25,'Register',78,9,21,'Wrong','','00:03','No'),(106,9398,25,'Register',84,9,21,'Wrong','','00:03','No'),(107,9398,25,'Register',83,9,21,'Wrong','','01:25','No'),(108,1109,25,'Register',93,9,21,'Wrong','','00:02','No'),(109,1591,25,'Register',71,9,21,'Wrong','25255','00:09','No'),(110,1591,25,'Register',90,9,21,'Wrong','','00:05','No'),(111,1591,25,'Register',91,9,21,'Wrong','2','03:00','No'),(112,1591,25,'Register',85,9,21,'Correct','147','00:10','No'),(113,1591,25,'Register',84,9,21,'Wrong','','00:03','No'),(114,6698,25,'Register',90,9,21,'Wrong','','00:05','No'),(115,6698,25,'Register',72,9,21,'Wrong','2150','00:06','No'),(116,6698,25,'Register',73,9,21,'Wrong','','00:03','No'),(117,6698,25,'Register',76,9,21,'Wrong','','00:13','No'),(118,6698,25,'Register',78,9,21,'Wrong','','00:03','No'),(119,6698,25,'Register',88,9,21,'Wrong','','00:01','No'),(120,6698,25,'Register',80,9,21,'Wrong','','00:05','No'),(121,6698,25,'Register',77,9,21,'Wrong','','00:02','No'),(122,6698,25,'Register',79,9,21,'Wrong','1554','00:04','No'),(123,6698,25,'Register',74,9,21,'Wrong','','00:02','No'),(124,6698,25,'Register',71,9,21,'Wrong','25255','00:09','No'),(125,6698,25,'Register',81,9,21,'Wrong','','00:01','No'),(126,6698,25,'Register',85,9,21,'Correct','147','00:10','No'),(127,6698,25,'Register',84,9,21,'Wrong','','00:03','No'),(128,6698,25,'Register',92,9,21,'Wrong','','00:12','No'),(129,6698,25,'Register',91,9,21,'Wrong','2','03:00','No'),(130,6698,25,'Register',89,9,21,'Correct','111','00:10','No'),(131,6698,25,'Register',83,9,21,'Wrong','','01:25','No'),(132,6698,25,'Register',82,9,21,'Wrong','','00:01','No'),(133,6698,25,'Register',75,9,21,'Wrong','','00:02','No'),(134,2219,25,'Register',88,9,21,'Wrong','','00:01','No'),(135,2219,25,'Register',72,9,21,'Wrong','2150','00:06','No'),(136,2219,25,'Register',90,9,21,'Wrong','','00:05','No'),(137,2219,25,'Register',76,9,21,'Wrong','','00:13','No'),(138,2219,25,'Register',74,9,21,'Wrong','','00:02','No'),(139,2219,25,'Register',75,9,21,'Wrong','','00:02','No'),(140,2219,25,'Register',84,9,21,'Wrong','','00:03','No'),(141,2219,25,'Register',71,9,21,'Wrong','25255','00:09','No'),(142,2219,25,'Register',81,9,21,'Wrong','','00:01','No'),(143,2219,25,'Register',82,9,21,'Wrong','','00:01','No'),(144,2219,25,'Register',89,9,21,'Correct','111','00:10','No'),(145,2219,25,'Register',83,9,21,'Wrong','','01:25','No'),(146,2219,25,'Register',78,9,21,'Wrong','','00:03','No'),(147,2219,25,'Register',92,9,21,'Wrong','','00:12','No'),(148,2219,25,'Register',79,9,21,'Wrong','1554','00:04','No'),(149,2219,25,'Register',85,9,21,'Correct','147','00:10','No'),(150,2219,25,'Register',91,9,21,'Wrong','2','03:00','No'),(151,2219,25,'Register',77,9,21,'Wrong','','00:02','No'),(152,2219,25,'Register',73,9,21,'Wrong','','00:03','No'),(153,2219,25,'Register',80,9,21,'Wrong','','00:05','No'),(154,6129,25,'Register',89,9,21,'Correct','111','00:10','No'),(155,6129,25,'Register',82,9,21,'Wrong','','00:01','No'),(156,6129,25,'Register',72,9,21,'Wrong','2150','00:06','No'),(157,6129,25,'Register',92,9,21,'Wrong','','00:12','No'),(158,6129,25,'Register',85,9,21,'Correct','147','00:10','No'),(159,2825,25,'Register',89,9,21,'Correct','111','00:10','No'),(160,2825,25,'Register',81,9,21,'Wrong','','00:01','No'),(161,2825,25,'Register',85,9,21,'Correct','147','00:10','No'),(162,2825,25,'Register',77,9,21,'Wrong','','00:02','No'),(163,2825,25,'Register',71,9,21,'Wrong','25255','00:09','No'),(164,2825,25,'Register',75,9,21,'Wrong','','00:02','No'),(165,2825,25,'Register',79,9,21,'Wrong','1554','00:04','No'),(166,2825,25,'Register',92,9,21,'Wrong','','00:12','No'),(167,2825,25,'Register',73,9,21,'Wrong','','00:03','No'),(168,2825,25,'Register',90,9,21,'Wrong','','00:05','No'),(169,2825,25,'Register',78,9,21,'Wrong','','00:03','No'),(170,2825,25,'Register',80,9,21,'Wrong','','00:05','No'),(171,2825,25,'Register',82,9,21,'Wrong','','00:01','No'),(172,2825,25,'Register',91,9,21,'Wrong','2','03:00','No'),(173,2825,25,'Register',72,9,21,'Wrong','2150','00:06','No'),(174,2825,25,'Register',83,9,21,'Wrong','','01:25','No'),(175,2825,25,'Register',74,9,21,'Wrong','','00:02','No'),(176,2825,25,'Register',76,9,21,'Wrong','','00:13','No'),(177,2825,25,'Register',84,9,21,'Wrong','','00:03','No'),(178,2825,25,'Register',88,9,21,'Wrong','','00:01','No'),(179,1614,25,'Register',91,9,21,'Wrong','2','03:00','No'),(180,1614,25,'Register',92,9,21,'Wrong','','00:12','No'),(181,2855,25,'Register',91,9,21,'Wrong','2','03:00','No'),(182,2855,25,'Register',92,9,21,'Wrong','','00:12','No'),(183,2140,25,'Register',71,9,21,'Wrong','25255','00:09','No'),(184,2140,25,'Register',84,9,21,'Wrong','','00:03','No'),(185,2140,25,'Register',72,9,21,'Wrong','2150','00:06','No'),(186,2140,25,'Register',92,9,21,'Wrong','','00:12','No'),(187,2140,25,'Register',81,9,21,'Wrong','','00:01','No'),(188,2140,25,'Register',83,9,21,'Wrong','','01:25','No'),(189,2140,25,'Register',90,9,21,'Wrong','','00:05','No'),(190,9612,25,'Register',72,9,21,'Wrong','2150','00:06','No'),(191,9612,25,'Register',74,9,21,'Wrong','','00:02','No'),(192,9612,25,'Register',83,9,21,'Wrong','','01:25','No'),(193,9612,25,'Register',80,9,21,'Wrong','','00:05','No'),(194,9612,25,'Register',79,9,21,'Wrong','1554','00:04','No'),(195,9612,25,'Register',81,9,21,'Wrong','','00:01','No'),(196,9612,25,'Register',78,9,21,'Wrong','','00:03','No'),(197,9612,25,'Register',85,9,21,'Correct','147','00:10','No'),(198,9612,25,'Register',82,9,21,'Wrong','','00:01','No'),(199,9612,25,'Register',90,9,21,'Wrong','','00:05','No'),(200,1984,25,'Register',80,9,21,'Wrong','','00:05','No'),(201,1984,25,'Register',82,9,21,'Wrong','','00:01','No'),(202,1984,25,'Register',78,9,21,'Wrong','','00:03','No'),(203,1984,25,'Register',88,9,21,'Wrong','','00:01','No'),(204,1984,25,'Register',92,9,21,'Wrong','','00:12','No'),(205,1984,25,'Register',75,9,21,'Wrong','','00:02','No'),(206,1984,25,'Register',72,9,21,'Wrong','2150','00:06','No'),(207,1984,25,'Register',77,9,21,'Wrong','','00:02','No'),(208,1984,25,'Register',89,9,21,'Correct','111','00:10','No'),(209,1984,25,'Register',74,9,21,'Wrong','','00:02','No'),(210,2097,25,'Register',91,9,21,'Wrong','2','03:00','No'),(211,2097,25,'Register',81,9,21,'Wrong','','00:01','No'),(212,2097,25,'Register',74,9,21,'Wrong','','00:02','No'),(213,2097,25,'Register',73,9,21,'Wrong','','00:03','No'),(214,2097,25,'Register',80,9,21,'Wrong','','00:05','No'),(215,1436,25,'Register',92,9,21,'Wrong','','00:12','No'),(216,1436,25,'Register',81,9,21,'Wrong','','00:01','No'),(217,1436,25,'Register',79,9,21,'Wrong','1554','00:04','No'),(218,1436,25,'Register',91,9,21,'Wrong','2','03:00','No'),(219,1436,25,'Register',78,9,21,'Wrong','','00:03','No'),(220,6460,25,'Register',76,9,21,'Wrong','','00:13','No'),(221,6460,25,'Register',74,9,21,'Wrong','','00:02','No'),(222,6460,25,'Register',80,9,21,'Wrong','','00:05','No'),(223,6460,25,'Register',72,9,21,'Wrong','2150','00:06','No'),(224,6460,25,'Register',85,9,21,'Correct','147','00:10','No'),(225,1147,25,'Register',96,9,21,'Wrong','1500000','00:22','No'),(226,1119,25,'Register',96,9,21,'Wrong','1500000','00:22','No'),(227,1759,25,'Register',96,9,21,'Wrong','1500000','00:22','No'),(228,1420,25,'Register',92,9,21,'Wrong','','00:12','No'),(229,1420,25,'Register',91,9,21,'Wrong','2','03:00','No'),(230,3454,25,'Register',81,9,21,'Wrong','','00:01','No'),(231,3454,25,'Register',92,9,21,'Wrong','','00:12','No'),(232,3454,25,'Register',72,9,21,'Wrong','2150','00:06','No'),(233,3454,25,'Register',75,9,21,'Wrong','','00:02','No'),(234,3454,25,'Register',79,9,21,'Wrong','1554','00:04','No'),(235,3505,25,'Register',85,9,21,'Correct','147','00:10','No'),(236,3505,25,'Register',77,9,21,'Wrong','','00:02','No'),(237,3505,25,'Register',79,9,21,'Wrong','1554','00:04','No'),(238,3505,25,'Register',83,9,21,'Wrong','','01:25','No'),(239,3505,25,'Register',89,9,21,'Correct','111','00:10','No'),(240,3505,25,'Register',71,9,21,'Wrong','25255','00:09','No'),(241,3505,25,'Register',88,9,21,'Wrong','','00:01','No'),(242,6538,25,'Register',85,9,21,'Correct','147','00:10','No'),(243,6538,25,'Register',79,9,21,'Wrong','1554','00:04','No'),(244,6538,25,'Register',81,9,21,'Wrong','','00:01','No'),(245,6538,25,'Register',82,9,21,'Wrong','','00:01','No'),(246,6538,25,'Register',80,9,21,'Wrong','','00:05','No'),(247,6538,25,'Register',88,9,21,'Wrong','','00:01','No'),(248,6538,25,'Register',84,9,21,'Wrong','','00:03','No'),(249,1449,25,'Register',96,9,21,'Wrong','1500000','00:22','No'),(250,1449,25,'Register',91,9,21,'Wrong','2','03:00','No'),(251,1449,25,'Register',92,9,21,'Wrong','','00:12','No'),(252,1389,25,'Register',91,9,21,'Wrong','2','03:00','No'),(253,1389,25,'Register',92,9,21,'Wrong','','00:12','No'),(254,1709,25,'Register',97,9,21,'Correct','4 kcal','00:05','No'),(255,1618,25,'Register',98,9,21,'Wrong','3.4','00:04','No'),(256,1184,25,'Register',99,9,21,'Wrong','','00:05','No'),(257,1819,25,'Register',100,9,21,'Pending','','','No'),(258,2897,25,'Register',101,9,21,'Correct','6.8','00:10','No'),(259,1818,25,'Register',102,9,21,'Correct','6.8','00:03','No'),(260,1316,25,'Register',103,9,21,'Wrong','8','00:03','No'),(261,8873,25,'Register',85,9,21,'Correct','147','00:10','No'),(262,8873,25,'Register',83,9,21,'Wrong','','01:25','No'),(263,8873,25,'Register',80,9,21,'Wrong','','00:05','No'),(264,8873,25,'Register',82,9,21,'Wrong','','00:01','No'),(265,8873,25,'Register',76,9,21,'Pending','','','No'),(266,8873,25,'Register',77,9,21,'Wrong','','00:02','No'),(267,8873,25,'Register',81,9,21,'Wrong','','00:01','No'),(268,8873,25,'Register',103,9,21,'Wrong','8','00:03','No'),(269,8873,25,'Register',72,9,21,'Wrong','2150','00:06','No'),(270,8873,25,'Register',88,9,21,'Wrong','','00:01','No'),(271,8873,25,'Register',74,9,21,'Wrong','','00:02','No'),(272,8873,25,'Register',75,9,21,'Wrong','','00:02','No'),(273,8873,25,'Register',89,9,21,'Correct','111','00:10','No'),(274,8873,25,'Register',79,9,21,'Pending','','','No'),(275,8873,25,'Register',90,9,21,'Wrong','','00:05','No'),(276,8873,25,'Register',73,9,21,'Wrong','','00:03','No'),(277,8873,25,'Register',84,9,21,'Wrong','','00:03','No'),(278,8873,25,'Register',71,9,21,'Pending','','','No'),(279,8873,25,'Register',78,9,21,'Wrong','','00:03','No'),(280,8873,25,'Register',101,9,21,'Correct','6.8','00:10','No'),(281,8841,25,'Register',83,9,21,'Wrong','','01:25','No'),(282,8841,25,'Register',88,9,21,'Wrong','','00:01','No'),(283,8841,25,'Register',101,9,21,'Correct','6.8','00:10','No'),(284,8841,25,'Register',89,9,21,'Correct','111','00:10','No'),(285,8841,25,'Register',103,9,21,'Wrong','8','00:03','No'),(286,8841,25,'Register',75,9,21,'Wrong','','00:02','No'),(287,8841,25,'Register',71,9,21,'Pending','','','No'),(288,8841,25,'Register',72,9,21,'Wrong','2150','00:06','No'),(289,8841,25,'Register',96,9,21,'Wrong','1500000','00:22','No'),(290,8841,25,'Register',84,9,21,'Wrong','','00:03','No'),(291,8841,25,'Register',74,9,21,'Wrong','','00:02','No'),(292,8841,25,'Register',79,9,21,'Pending','','','No'),(293,8841,25,'Register',81,9,21,'Wrong','','00:01','No'),(294,8841,25,'Register',85,9,21,'Correct','147','00:10','No'),(295,8841,25,'Register',76,9,21,'Pending','','','No'),(296,8841,25,'Register',77,9,21,'Wrong','','00:02','No'),(297,8841,25,'Register',78,9,21,'Wrong','','00:03','No'),(298,8841,25,'Register',90,9,21,'Wrong','','00:05','No'),(299,8841,25,'Register',82,9,21,'Wrong','','00:01','No'),(300,8841,25,'Register',80,9,21,'Wrong','','00:05','No'),(301,1530,25,'Register',82,9,21,'Wrong','','00:01','No'),(302,1530,25,'Register',90,9,21,'Wrong','','00:05','No'),(303,1530,25,'Register',88,9,21,'Wrong','','00:01','No'),(304,1530,25,'Register',74,9,21,'Wrong','','00:02','No'),(305,1530,25,'Register',81,9,21,'Wrong','','00:01','No'),(306,1530,25,'Register',72,9,21,'Wrong','2150','00:06','No'),(307,1530,25,'Register',84,9,21,'Wrong','','00:03','No'),(308,1530,25,'Register',77,9,21,'Wrong','','00:02','No'),(309,1530,25,'Register',78,9,21,'Wrong','','00:03','No'),(310,1530,25,'Register',101,9,21,'Correct','6.8','00:10','No'),(311,1530,25,'Register',71,9,21,'Pending','','','No'),(312,1530,25,'Register',89,9,21,'Correct','111','00:10','No'),(313,1530,25,'Register',83,9,21,'Wrong','','01:25','No'),(314,1530,25,'Register',92,9,21,'Wrong','','00:12','No'),(315,1530,25,'Register',80,9,21,'Wrong','','00:05','No'),(316,1530,25,'Register',79,9,21,'Pending','','','No'),(317,1530,25,'Register',103,9,21,'Wrong','8','00:03','No'),(318,1530,25,'Register',76,9,21,'Pending','','','No'),(319,1530,25,'Register',96,9,21,'Wrong','1500000','00:22','No'),(320,1530,25,'Register',75,9,21,'Wrong','','00:02','No'),(321,1875,25,'Register',81,9,21,'Wrong','','00:01','No'),(322,1875,25,'Register',101,9,21,'Correct','6.8','00:10','No'),(323,1875,25,'Register',73,9,21,'Wrong','','00:03','No'),(324,1875,25,'Register',89,9,21,'Correct','111','00:10','No'),(325,1875,25,'Register',78,9,21,'Wrong','','00:03','No'),(326,1875,25,'Register',72,9,21,'Wrong','2150','00:06','No'),(327,1875,25,'Register',103,9,21,'Wrong','8','00:03','No'),(328,1875,25,'Register',92,9,21,'Wrong','','00:12','No'),(329,7327,25,'Register',104,9,21,'Wrong','17','00:15','No'),(330,4658,25,'Register',92,9,21,'Wrong','','00:12','No'),(331,4658,25,'Register',91,9,21,'Wrong','2','03:00','No'),(332,1355,25,'Register',74,9,21,'Wrong','','00:02','No'),(333,1355,25,'Register',83,9,21,'Wrong','','01:25','No'),(334,1355,25,'Register',96,9,21,'Wrong','1500000','00:22','No'),(335,1355,25,'Register',91,9,21,'Wrong','2','03:00','No'),(336,1355,25,'Register',84,9,21,'Wrong','','00:03','No'),(337,1908,25,'Register',76,9,21,'Pending','','','No'),(338,1908,25,'Register',104,9,21,'Wrong','17','00:15','No'),(339,1908,25,'Register',88,9,21,'Wrong','','00:01','No'),(340,1908,25,'Register',75,9,21,'Wrong','','00:02','No'),(341,1908,25,'Register',84,9,21,'Wrong','','00:03','No'),(342,6934,25,'Register',89,9,21,'Correct','111','00:10','No'),(343,6934,25,'Register',81,9,21,'Wrong','','00:01','No'),(344,6934,25,'Register',92,9,21,'Wrong','','00:12','No'),(345,6934,25,'Register',83,9,21,'Wrong','','01:25','No'),(346,6934,25,'Register',85,9,21,'Correct','147','00:10','No'),(347,2926,25,'Register',73,9,21,'Wrong','','00:03','No'),(348,2926,25,'Register',82,9,21,'Wrong','','00:01','No'),(349,2926,25,'Register',74,9,21,'Wrong','','00:02','No'),(350,2926,25,'Register',103,9,21,'Wrong','8','00:03','No'),(351,2926,25,'Register',92,9,21,'Wrong','','00:12','No'),(352,6720,25,'Register',80,9,21,'Wrong','','00:05','No'),(353,6720,25,'Register',103,9,21,'Wrong','8','00:03','No'),(354,6720,25,'Register',105,9,21,'Pending','','','No'),(355,6720,25,'Register',71,9,21,'Pending','','','No'),(356,6720,25,'Register',75,9,21,'Wrong','','00:02','No'),(357,5131,25,'Register',106,9,21,'Wrong','3','00:02','No'),(358,9491,25,'Register',92,9,21,'Wrong','','00:12','No'),(359,9491,25,'Register',91,9,21,'Wrong','2','03:00','No'),(360,9491,25,'Register',106,9,21,'Wrong','3','00:02','No'),(361,9491,25,'Register',104,9,21,'Wrong','17','00:15','No'),(362,9491,25,'Register',96,9,21,'Wrong','1500000','00:22','No'),(363,4293,25,'Register',106,9,21,'Wrong','3','00:02','No'),(364,4293,25,'Register',104,9,21,'Wrong','17','00:15','No'),(365,4293,25,'Register',92,9,21,'Wrong','','00:12','No'),(366,4293,25,'Register',96,9,21,'Wrong','1500000','00:22','No'),(367,4293,25,'Register',91,9,21,'Wrong','2','03:00','No'),(368,9429,25,'Register',96,9,21,'Wrong','1500000','00:22','No'),(369,9429,25,'Register',91,9,21,'Wrong','2','03:00','No'),(370,9429,25,'Register',106,9,21,'Wrong','3','00:02','No'),(371,9429,25,'Register',104,9,21,'Wrong','17','00:15','No'),(372,9429,25,'Register',92,9,21,'Wrong','','00:12','No'),(373,7871,25,'Register',106,9,21,'Wrong','3','00:02','No'),(374,7871,25,'Register',104,9,21,'Wrong','17','00:15','No'),(375,7871,25,'Register',96,9,21,'Wrong','1500000','00:22','No'),(376,1768,25,'Register',104,9,21,'Wrong','17','00:15','No'),(377,1768,25,'Register',106,9,21,'Wrong','3','00:02','No'),(378,1768,25,'Register',96,9,21,'Wrong','1500000','00:22','No'),(379,6899,25,'Register',106,9,21,'Wrong','3','00:02','No'),(380,6899,25,'Register',96,9,21,'Wrong','1500000','00:22','No'),(381,6899,25,'Register',104,9,21,'Wrong','17','00:15','No'),(382,4290,25,'Register',106,9,21,'Wrong','3','00:02','No'),(383,4290,25,'Register',96,9,21,'Wrong','1500000','00:22','No'),(384,4290,25,'Register',104,9,21,'Wrong','17','00:15','No'),(385,3955,25,'Register',96,9,21,'Wrong','1500000','00:22','No'),(386,3955,25,'Register',104,9,21,'Wrong','17','00:15','No'),(387,3955,25,'Register',106,9,21,'Wrong','3','00:02','No'),(388,1020,25,'Register',106,9,21,'Wrong','3','00:02','No'),(389,1020,25,'Register',96,9,21,'Wrong','1500000','00:22','No'),(390,1020,25,'Register',104,9,21,'Wrong','17','00:15','No'),(391,1184,25,'Register',104,9,21,'Wrong','17','00:15','No'),(392,1184,25,'Register',96,9,21,'Wrong','1500000','00:22','No'),(393,1184,25,'Register',106,9,21,'Wrong','3','00:02','No'),(394,1468,25,'Register',106,9,21,'Wrong','3','00:02','No'),(395,1468,25,'Register',96,9,21,'Wrong','1500000','00:22','No'),(396,1468,25,'Register',104,9,21,'Wrong','17','00:15','No'),(397,1765,25,'Register',106,9,21,'Wrong','3','00:02','No'),(398,1765,25,'Register',104,9,21,'Wrong','17','00:15','No'),(399,1765,25,'Register',96,9,21,'Wrong','1500000','00:22','No'),(400,1122,25,'Register',92,9,21,'Wrong','','00:12','No'),(401,1122,25,'Register',91,9,21,'Wrong','2','03:00','No'),(402,1122,25,'Register',106,9,21,'Wrong','3','00:02','No'),(403,5465,25,'Register',75,9,21,'Wrong','','00:02','No'),(404,5465,25,'Register',90,9,21,'Wrong','','00:05','No'),(405,5465,25,'Register',81,9,21,'Wrong','','00:01','No'),(406,5465,25,'Register',79,9,21,'Pending','','','No'),(407,5465,25,'Register',83,9,21,'Wrong','','01:25','No'),(408,1725,25,'Register',89,9,21,'Correct','111','00:10','No'),(409,5445,25,'Register',103,9,21,'Wrong','8','00:03','No'),(410,1473,25,'Register',82,9,21,'Wrong','','00:01','No'),(411,1473,25,'Register',77,9,21,'Wrong','','00:02','No'),(412,1473,25,'Register',101,9,21,'Pending','','','No'),(413,1473,25,'Register',76,9,21,'Pending','','','No'),(414,1473,25,'Register',80,9,21,'Wrong','','00:05','No'),(415,1000,25,'Register',73,9,21,'Wrong','','00:03','No'),(416,4585,25,'Register',80,9,21,'Wrong','','00:05','No'),(417,1564,25,'Register',106,9,21,'Wrong','3','00:02','No'),(418,1564,25,'Register',77,9,21,'Wrong','','00:02','No'),(419,1564,25,'Register',80,9,21,'Wrong','','00:05','No'),(420,1564,25,'Register',83,9,21,'Wrong','','01:25','No'),(421,1564,25,'Register',75,9,21,'Wrong','','00:02','No'),(422,1030,25,'Register',103,9,21,'Wrong','8','00:03','No'),(423,1871,25,'Register',92,9,21,'Wrong','','00:12','No'),(424,2125,25,'Register',106,9,21,'Wrong','3','00:02','No'),(425,1001,25,'Register',75,9,21,'Wrong','','00:02','No'),(426,1311,25,'Register',78,9,21,'Wrong','','00:03','No'),(427,2629,25,'Register',106,9,21,'Wrong','3','00:02','No'),(428,1217,25,'Register',92,9,21,'Wrong','','00:12','No'),(429,2054,25,'Register',91,9,21,'Wrong','2','03:00','No'),(430,6023,25,'Register',91,9,21,'Wrong','2','03:00','No'),(431,6023,25,'Register',92,9,21,'Wrong','','00:12','No'),(432,6023,25,'Register',106,9,21,'Wrong','3','00:02','No'),(433,2085,25,'Register',77,9,21,'Wrong','','00:02','No'),(434,6744,25,'Register',81,9,21,'Wrong','','00:01','No'),(435,1001,25,'Register',83,9,21,'Wrong','','01:25','No'),(436,1286,25,'Register',75,9,21,'Pending','','','No'),(437,1354,25,'Register',89,9,21,'Correct','111','00:10','No'),(438,1559,25,'Register',74,9,21,'Pending','','','No'),(439,1408,25,'Register',90,9,21,'Wrong','','00:05','No'),(440,9881,25,'Register',105,9,21,'Pending','','','No'),(441,7534,25,'Register',82,9,21,'Wrong','','00:01','No'),(442,4322,25,'Register',104,9,21,'Wrong','17','00:15','No'),(443,7314,25,'Register',106,9,21,'Wrong','3','00:02','No'),(444,2349,25,'Register',73,9,21,'Wrong','','00:03','No'),(445,1559,25,'Register',103,9,21,'Pending','','','No'),(446,9008,25,'Register',82,9,21,'Wrong','','00:01','No'),(447,4244,25,'Register',84,9,21,'Wrong','','00:03','No'),(448,4957,25,'Register',107,9,21,'Correct','267','00:04','No'),(449,1473,25,'Register',103,9,21,'Pending','','','No'),(450,1924,25,'Register',78,9,21,'Wrong','','00:03','No'),(451,2042,25,'Register',73,9,21,'Wrong','','00:03','No'),(452,1857,25,'Register',80,9,21,'Wrong','','00:05','No'),(453,1763,25,'Register',107,9,21,'Correct','267','00:04','No'),(454,1763,25,'Register',96,9,21,'Wrong','1500000','00:22','No'),(455,1763,25,'Register',92,9,21,'Wrong','','00:12','No'),(456,1763,25,'Register',82,9,21,'Pending','','','No'),(457,1763,25,'Register',76,9,21,'Pending','','','No'),(458,1763,25,'Register',101,9,21,'Pending','','','No'),(459,1763,25,'Register',72,9,21,'Pending','','','No'),(460,1763,25,'Register',89,9,21,'Correct','111','00:10','No'),(461,1763,25,'Register',83,9,21,'Wrong','','01:25','No'),(462,1763,25,'Register',80,9,21,'Pending','','','No'),(463,1763,25,'Register',90,9,21,'Wrong','','00:05','No'),(464,1763,25,'Register',74,9,21,'Pending','','','No'),(465,1763,25,'Register',73,9,21,'Pending','','','No'),(466,1763,25,'Register',77,9,21,'Pending','','','No'),(467,1763,25,'Register',103,9,21,'Pending','','','No'),(468,1763,25,'Register',75,9,21,'Pending','','','No'),(469,1763,25,'Register',85,9,21,'Correct','147','00:10','No'),(470,1763,25,'Register',104,9,21,'Wrong','17','00:15','No'),(471,1763,25,'Register',78,9,21,'Pending','','','No'),(472,1763,25,'Register',105,9,21,'Pending','','','No'),(473,1763,25,'Register',81,9,21,'Pending','','','No'),(474,1763,25,'Register',91,9,21,'Pending','','','No'),(475,1763,25,'Register',79,9,21,'Pending','','','No'),(476,1763,25,'Register',71,9,21,'Pending','','','No'),(477,1763,25,'Register',106,9,21,'Pending','','','No'),(478,1763,25,'Register',84,9,21,'Wrong','','00:03','No'),(479,1763,25,'Register',88,9,21,'Wrong','','00:01','No'),(480,1602,25,'Register',108,9,21,'Wrong','5','00:03','No'),(481,1175,25,'Register',104,9,21,'Wrong','17','00:15','No'),(482,1175,25,'Register',96,9,21,'Wrong','1500000','00:22','No'),(483,1671,25,'Register',109,9,21,'Wrong','e','00:11','No'),(484,1294,25,'Register',85,9,21,'Correct','147','00:10','No'),(485,1135,25,'Register',92,9,21,'Wrong','','00:12','No'),(486,3379,25,'Register',88,9,21,'Wrong','','00:01','No'),(487,1629,25,'Register',83,9,21,'Wrong','','01:25','No'),(488,1167,25,'Register',92,9,21,'Wrong','','00:12','No'),(489,5122,25,'Register',74,9,21,'Pending','','','No'),(490,2145,25,'Register',84,9,21,'Wrong','','00:03','No'),(491,1802,25,'Register',85,9,21,'Correct','147','00:10','No'),(492,9675,25,'Register',77,9,21,'Pending','','','No'),(493,2116,25,'Register',83,9,21,'Pending','','','No'),(494,1866,25,'Register',101,9,21,'Pending','','','No'),(495,1851,25,'Register',88,9,21,'Wrong','','00:01','No'),(496,1117,25,'Register',82,9,21,'Pending','','','No'),(497,3680,25,'Register',109,9,21,'Wrong','e','00:11','No'),(498,3680,25,'Register',107,9,21,'Correct','267','00:04','No'),(499,3680,25,'Register',96,9,21,'Pending','','','No'),(500,3680,25,'Register',108,9,21,'Wrong','5','00:03','No'),(501,3680,25,'Register',104,9,21,'Pending','','','No'),(502,2143,25,'Register',109,9,21,'Wrong','e','00:11','No'),(503,9912,25,'Register',107,9,21,'Correct','267','00:04','No'),(504,7954,25,'Register',109,9,21,'Wrong','e','00:11','No'),(505,7954,25,'Register',96,9,21,'Pending','','','No'),(506,7954,25,'Register',107,9,21,'Pending','','','No'),(507,7954,25,'Register',108,9,21,'Wrong','5','00:03','No'),(508,7954,25,'Register',104,9,21,'Pending','','','No'),(509,8121,25,'Register',108,9,21,'Wrong','5','00:03','No'),(510,8121,25,'Register',96,9,21,'Pending','','','No'),(511,8121,25,'Register',107,9,21,'Pending','','','No'),(512,8121,25,'Register',104,9,21,'Pending','','','No'),(513,8121,25,'Register',109,9,21,'Pending','','','No'),(514,2080,25,'Register',85,9,21,'Correct','147','00:10','No'),(515,1598,25,'Register',88,9,21,'Pending','','','No'),(516,1271,25,'Register',76,9,21,'Pending','','','No'),(517,1531,25,'Register',75,9,21,'Pending','','','No'),(518,1223,25,'Register',103,9,21,'Pending','','','No'),(519,1793,25,'Register',89,9,21,'Correct','111','00:10','No'),(520,1793,25,'Register',85,9,21,'Correct','147','00:10','No'),(521,1793,25,'Register',110,9,21,'Wrong','34f','00:18','No'),(522,1793,25,'Register',90,9,21,'Wrong','','00:05','No'),(523,1614,25,'Register',110,9,21,'Wrong','34f','00:18','No'),(524,1614,25,'Register',89,9,21,'Correct','111','00:10','No'),(525,1614,25,'Register',85,9,21,'Correct','147','00:10','No'),(526,1614,25,'Register',90,9,21,'Wrong','','00:05','No'),(527,2543,25,'Register',110,9,21,'Wrong','34f','00:18','No'),(528,2543,25,'Register',85,9,21,'Correct','147','00:10','No'),(529,2543,25,'Register',89,9,21,'Correct','111','00:10','No'),(530,2543,25,'Register',90,9,21,'Wrong','','00:05','No'),(531,1997,25,'Register',110,9,21,'Wrong','34f','00:18','No'),(532,1997,25,'Register',85,9,21,'Correct','147','00:10','No'),(533,1997,25,'Register',89,9,21,'Correct','111','00:10','No'),(534,1997,25,'Register',90,9,21,'Wrong','','00:05','No'),(535,7052,25,'Register',85,9,21,'Correct','147','00:10','No'),(536,7052,25,'Register',90,9,21,'Wrong','','00:05','No'),(537,7052,25,'Register',89,9,21,'Correct','111','00:10','No'),(538,1820,25,'Register',85,9,21,'Correct','147','00:10','No'),(539,1820,25,'Register',90,9,21,'Wrong','','00:05','No'),(540,2519,25,'Register',90,9,21,'Wrong','','00:05','No'),(541,2519,25,'Register',89,9,21,'Correct','111','00:10','No'),(542,2519,25,'Register',110,9,21,'Wrong','34f','00:18','No'),(543,2519,25,'Register',85,9,21,'Correct','147','00:10','No'),(544,8176,25,'Register',110,9,21,'Wrong','34f','00:18','No'),(545,8176,25,'Register',90,9,21,'Wrong','','00:05','No'),(546,8176,25,'Register',111,9,21,'Wrong','100','00:07','No'),(547,8176,25,'Register',85,9,21,'Correct','147','00:10','No'),(548,8176,25,'Register',114,9,21,'Wrong','34','00:11','No'),(549,4895,25,'Register',113,9,21,'Wrong','1026','01:10','No'),(550,4895,25,'Register',110,9,21,'Wrong','34f','00:18','No'),(551,4895,25,'Register',115,9,21,'Wrong','40','00:04','No'),(552,4895,25,'Register',112,9,21,'Wrong','350','00:06','No'),(553,4895,25,'Register',114,9,21,'Wrong','34','00:11','No'),(554,1999,25,'Register',110,9,21,'Wrong','34f','00:18','No'),(555,1999,25,'Register',111,9,21,'Wrong','100','00:07','No'),(556,1999,25,'Register',115,9,21,'Wrong','40','00:04','No'),(557,1999,25,'Register',116,9,21,'Wrong','123','00:05','No'),(558,1999,25,'Register',117,9,21,'Wrong','100','00:05','No'),(559,1999,25,'Register',112,9,21,'Wrong','350','00:06','No'),(560,1999,25,'Register',114,9,21,'Wrong','34','00:11','No'),(561,1999,25,'Register',113,9,21,'Wrong','1026','01:10','No'),(562,1714,25,'Register',110,9,21,'Wrong','34f','00:18','No'),(563,1714,25,'Register',114,9,21,'Wrong','34','00:11','No'),(564,1714,25,'Register',116,9,21,'Pending','','','No'),(565,1714,25,'Register',85,9,21,'Pending','','','No'),(566,1714,25,'Register',90,9,21,'Wrong','','00:05','No'),(567,1740,25,'Register',118,9,21,'Wrong','500','00:12','No'),(568,1740,25,'Register',119,9,21,'Wrong','505','00:29','No'),(569,1402,25,'Register',142,9,21,'Wrong','323','00:35','No'),(570,1402,25,'Register',145,9,21,'Wrong','1000','00:07','No'),(571,1402,25,'Register',152,9,21,'Wrong','450','00:06','No'),(572,1402,25,'Register',141,9,21,'Wrong','221','00:11','No'),(573,1402,25,'Register',136,9,21,'Correct','555.6','00:51','No'),(574,1402,25,'Register',146,9,21,'Wrong','400','01:55','No'),(575,1402,25,'Register',127,9,21,'Wrong','32','00:09','No'),(576,6989,25,'Register',90,9,21,'Wrong','','00:05','No'),(577,6989,25,'Register',147,9,21,'Pending','','','No'),(578,6989,25,'Register',135,9,21,'Pending','','','No'),(579,6989,25,'Register',110,9,21,'Pending','','','No'),(580,6989,25,'Register',85,9,21,'Pending','','','No'),(581,1903,25,'Register',121,9,21,'Wrong','','00:09','No'),(582,1903,25,'Register',120,9,21,'Wrong','2000','00:12','No'),(583,1903,25,'Register',140,9,21,'Wrong','','00:02','No'),(584,1903,25,'Register',148,9,21,'Wrong','','00:01','No'),(585,1903,25,'Register',134,9,21,'Wrong','','00:01','No'),(586,4134,25,'Register',120,9,21,'Wrong','2000','00:12','No'),(587,4134,25,'Register',112,9,21,'Wrong','350','00:06','No'),(588,4134,25,'Register',127,9,21,'Pending','','','No'),(589,4134,25,'Register',111,9,21,'Pending','','','No'),(590,4134,25,'Register',138,9,21,'Wrong','420','00:04','No'),(591,4134,25,'Register',116,9,21,'Pending','','','No'),(592,4134,25,'Register',119,9,21,'Wrong','505','00:29','No'),(593,4134,25,'Register',142,9,21,'Pending','','','No'),(594,4134,25,'Register',141,9,21,'Wrong','221','00:11','No'),(595,4134,25,'Register',140,9,21,'Pending','','','No'),(596,4134,25,'Register',134,9,21,'Pending','','','No'),(597,4134,25,'Register',147,9,21,'Pending','','','No'),(598,2060,25,'Register',144,9,21,'Wrong','156','00:12','No'),(599,2060,25,'Register',131,9,21,'Wrong','2256','00:10','No'),(600,2060,25,'Register',141,9,21,'Wrong','221','00:11','No'),(601,2060,25,'Register',152,9,21,'Wrong','450','00:06','No'),(602,6725,25,'Register',125,9,21,'Pending','','','No'),(603,6725,25,'Register',118,9,21,'Wrong','500','00:12','No'),(604,6725,25,'Register',152,9,21,'Wrong','450','00:06','No'),(605,6725,25,'Register',132,9,21,'Wrong','453','00:07','No'),(606,6725,25,'Register',129,9,21,'Wrong','534','00:06','No'),(607,1770,25,'Register',145,9,21,'Wrong','1000','00:07','No'),(608,1770,25,'Register',138,9,21,'Wrong','420','00:04','No'),(609,1770,25,'Register',132,9,21,'Pending','','','No'),(610,1770,25,'Register',142,9,21,'Pending','','','No'),(611,1770,25,'Register',152,9,21,'Wrong','450','00:06','No'),(612,1770,25,'Register',133,9,21,'Pending','','','No'),(613,1770,25,'Register',147,9,21,'Pending','','','No'),(614,5314,25,'Register',143,9,21,'Pending','','','No'),(615,5314,25,'Register',151,9,21,'Pending','','','No'),(616,5314,25,'Register',150,9,21,'Wrong','106.7','00:56','No'),(617,5314,25,'Register',128,9,21,'Pending','','','No'),(618,5314,25,'Register',122,9,21,'Pending','','','No'),(619,2186,25,'Register',154,9,21,'Correct','125','00:35','No'),(620,9476,25,'Register',155,9,21,'Correct','8.9','01:10','No'),(621,3666,25,'Register',155,9,21,'Correct','8.9','01:10','No'),(622,3666,25,'Register',154,9,21,'Correct','125','00:35','No'),(623,4752,25,'Register',156,9,21,'Wrong','125','00:09','No'),(624,2068,25,'Register',157,9,21,'Correct','2.17','00:03','No'),(625,2014,25,'Register',158,9,21,'Correct','4.7','00:03','No'),(626,1686,25,'Register',159,9,21,'Wrong','125','00:10','No'),(627,2035,25,'Register',160,9,21,'Correct','250','00:49','No'),(628,1280,25,'Register',161,9,21,'Correct','13.3','00:33','No'),(629,1895,25,'Register',162,9,21,'Correct','250','00:17','No'),(630,1907,25,'Register',163,9,21,'Correct','125','00:35','No'),(631,1466,25,'Register',162,9,21,'Correct','250','00:17','No'),(632,1466,25,'Register',155,9,21,'Correct','8.9','01:10','No'),(633,1466,25,'Register',156,9,21,'Wrong','125','00:09','No'),(634,1466,25,'Register',159,9,21,'Wrong','125','00:10','No'),(635,1466,25,'Register',160,9,21,'Correct','250','00:49','No'),(636,6518,25,'Register',119,9,21,'Wrong','505','00:29','No'),(637,6518,25,'Register',129,9,21,'Pending','','','No'),(638,6518,25,'Register',89,9,21,'Pending','','','No'),(639,6518,25,'Register',133,9,21,'Pending','','','No'),(640,6518,25,'Register',120,9,21,'Pending','','','No'),(641,6518,25,'Register',144,9,21,'Pending','','','No'),(642,6518,25,'Register',145,9,21,'Wrong','1000','00:07','No'),(643,3699,25,'Register',164,9,21,'Correct','14','00:04','No'),(644,1975,25,'Register',165,9,21,'Correct','20.8','00:33','No'),(645,9387,25,'Register',166,9,21,'Correct','21','00:42','No'),(646,1873,25,'Register',167,9,21,'Correct','20','00:50','No'),(647,1545,25,'Register',168,9,21,'Correct','40','00:02','No'),(648,1256,25,'Register',169,9,21,'Correct','9','00:03','No'),(649,1707,25,'Register',170,9,21,'Correct','20','00:03','No'),(650,1156,25,'Register',171,9,21,'Correct','55','00:03','No'),(651,1832,25,'Register',172,9,21,'Correct','23','00:03','No'),(652,1434,25,'Register',173,9,21,'Correct','5.8','00:02','No'),(653,7242,25,'Register',146,9,21,'Wrong','400','01:55','No'),(654,7242,25,'Register',152,9,21,'Wrong','450','00:06','No'),(655,7242,25,'Register',112,9,21,'Wrong','350','00:06','No'),(656,7242,25,'Register',145,9,21,'Wrong','1000','00:07','No'),(657,7242,25,'Register',130,9,21,'Wrong','1000','00:08','No'),(658,7242,25,'Register',118,9,21,'Wrong','500','00:12','No'),(659,7242,25,'Register',119,9,21,'Wrong','505','00:29','No'),(660,7242,25,'Register',156,9,21,'Pending','','','No'),(661,7242,25,'Register',126,9,21,'Pending','','','No'),(662,7242,25,'Register',155,9,21,'Correct','8.9','01:10','No'),(663,7242,25,'Register',166,9,21,'Correct','21','00:42','No'),(664,7242,25,'Register',172,9,21,'Pending','','','No'),(665,7242,25,'Register',114,9,21,'Pending','','','No'),(666,7242,25,'Register',122,9,21,'Pending','','','No'),(667,7242,25,'Register',127,9,21,'Pending','','','No'),(668,7242,25,'Register',171,9,21,'Pending','','','No'),(669,7242,25,'Register',131,9,21,'Pending','','','No'),(670,7242,25,'Register',157,9,21,'Pending','','','No'),(671,7242,25,'Register',173,9,21,'Pending','','','No'),(672,7242,25,'Register',164,9,21,'Pending','','','No'),(673,7242,25,'Register',137,9,21,'Pending','','','No'),(674,7242,25,'Register',135,9,21,'Pending','','','No'),(675,7242,25,'Register',89,9,21,'Pending','','','No'),(676,7242,25,'Register',169,9,21,'Pending','','','No'),(677,7242,25,'Register',124,9,21,'Correct','2000','00:26','No'),(678,8236,25,'Register',150,9,21,'Wrong','106.7','00:56','No'),(679,8236,25,'Register',136,9,21,'Correct','555.6','00:51','No'),(680,8236,25,'Register',163,9,21,'Correct','125','00:35','No'),(681,8236,25,'Register',113,9,21,'Wrong','1026','01:10','No'),(682,8236,25,'Register',154,9,21,'Correct','125','00:35','No'),(683,8236,25,'Register',167,9,21,'Correct','20','00:50','No'),(684,8236,25,'Register',165,9,21,'Correct','20.8','00:33','No'),(685,8236,25,'Register',124,9,21,'Correct','2000','00:26','No'),(686,8236,25,'Register',166,9,21,'Correct','21','00:42','No'),(687,8236,25,'Register',155,9,21,'Correct','8.9','01:10','No'),(688,8236,25,'Register',161,9,21,'Correct','13.3','00:33','No'),(689,8236,25,'Register',160,9,21,'Correct','250','00:49','No');
/*!40000 ALTER TABLE `tbl_quick_user_test` ENABLE KEYS */;
UNLOCK TABLES;

--
-- Table structure for table `tbl_settings`
--

DROP TABLE IF EXISTS `tbl_settings`;
/*!40101 SET @saved_cs_client     = @@character_set_client */;
/*!40101 SET character_set_client = utf8 */;
CREATE TABLE `tbl_settings` (
  `id` int(11) NOT NULL AUTO_INCREMENT,
  `category_id` int(11) NOT NULL,
  `banner_image` varchar(255) NOT NULL,
  `banner_text` text NOT NULL,
  `service_title` text NOT NULL,
  `service_description` text NOT NULL,
  `key_feature` text NOT NULL,
  `innovative` text NOT NULL,
  `status` enum('Active','Inactive') NOT NULL,
  `created_by` int(11) NOT NULL,
  `created_date` datetime DEFAULT CURRENT_TIMESTAMP,
  `updated_date` datetime NOT NULL DEFAULT CURRENT_TIMESTAMP ON UPDATE CURRENT_TIMESTAMP,
  PRIMARY KEY (`id`)
) ENGINE=InnoDB AUTO_INCREMENT=11 DEFAULT CHARSET=latin1;
/*!40101 SET character_set_client = @saved_cs_client */;

--
-- Dumping data for table `tbl_settings`
--

LOCK TABLES `tbl_settings` WRITE;
/*!40000 ALTER TABLE `tbl_settings` DISABLE KEYS */;
INSERT INTO `tbl_settings` VALUES (1,5,'ACT-student.jpg','<h1><strong>The&nbsp;right&nbsp;ACT&nbsp;preparation&nbsp;</strong></h1>\n\n<h1><strong>for&nbsp;the&nbsp;best&nbsp;result.&nbsp;</strong></h1>\n\n<h1>&nbsp;</h1>\n','Your Success is Our Passion','<p>Thankfully,&nbsp;there&nbsp;haven&#39;t&nbsp;been&nbsp;many&nbsp;changes&nbsp;to&nbsp;the&nbsp;ACT&nbsp;format&nbsp;in&nbsp;the&nbsp;more&nbsp;recent&nbsp;years.&nbsp;The&nbsp;ACT&nbsp;is&nbsp;a&nbsp;standard&nbsp;college&nbsp;entrance&nbsp;exam&nbsp;that&nbsp;is&nbsp;used&nbsp;to&nbsp;evaluate&nbsp;your<br />\nability&nbsp;to&nbsp;take&nbsp;on&nbsp;college-level&nbsp;work.&nbsp;These&nbsp;tests&nbsp;cover&nbsp;math,&nbsp;science,&nbsp;reading,&nbsp;and&nbsp;writing.&nbsp;It&nbsp;also&nbsp;includes&nbsp;an&nbsp;optional&nbsp;essay.&nbsp;We&nbsp;offer&nbsp;over&nbsp;1,400&nbsp;thought-provoking<br />\nACT&nbsp;questions&nbsp;that&nbsp;are&nbsp;intended&nbsp;to&nbsp;replicate&nbsp;the&nbsp;actual&nbsp;ACT&nbsp;exam,&nbsp;so&nbsp;you&nbsp;can&nbsp;feel&nbsp;as&nbsp;confident&nbsp;as&nbsp;possible&nbsp;when&nbsp;it&nbsp;comes&nbsp;time&nbsp;to&nbsp;take&nbsp;the&nbsp;actual&nbsp;exam.&nbsp;Our&nbsp;content<br />\nis&nbsp;supplied&nbsp;and&nbsp;arranged&nbsp;by&nbsp;only&nbsp;the&nbsp;most&nbsp;qualified&nbsp;educators.&nbsp;Our&nbsp;layout&nbsp;allows&nbsp;you&nbsp;to&nbsp;go&nbsp;through&nbsp;each&nbsp;question&nbsp;step-by-step,&nbsp;which&nbsp;fosters&nbsp;critical&nbsp;thinking.&nbsp;If&nbsp;you<br />\nchoose&nbsp;an&nbsp;incorrect&nbsp;answer,&nbsp;detailed&nbsp;explanations&nbsp;and&nbsp;illustrations&nbsp;help&nbsp;you&nbsp;master&nbsp;the&nbsp;content&nbsp;before&nbsp;continuing.&nbsp;Don&#39;t&nbsp;just&nbsp;keep&nbsp;taking&nbsp;the&nbsp;test&nbsp;over&nbsp;and&nbsp;over.&nbsp;To<br />\ntruly&nbsp;improve&nbsp;your&nbsp;scores,&nbsp;you&nbsp;need&nbsp;to&nbsp;take&nbsp;the&nbsp;time&nbsp;to&nbsp;comprehend&nbsp;the&nbsp;information.</p>\n','<p><strong>1400&nbsp;Practice&nbsp;Questions&nbsp;</strong></p>\n\n<p>&rsaquo;&nbsp;&nbsp;&nbsp;Developed&nbsp;and&nbsp;curated&nbsp;by&nbsp;experienced&nbsp;educators</p>\n\n<p><strong>Performance&nbsp;Tracker&nbsp;</strong><br />\n&rsaquo;&nbsp;&nbsp;&nbsp;Easily&nbsp;view&nbsp;your&nbsp;progress&nbsp;at&nbsp;a&nbsp;glance&nbsp;and&nbsp;compare&nbsp;with<br />\nothers.</p>\n\n<p><strong>Test&nbsp;Mode&nbsp;</strong><br />\n&rsaquo;&nbsp;&nbsp;&nbsp;Customize&nbsp;your&nbsp;test&nbsp;taking&nbsp;experience.&nbsp;Select&nbsp;tutor&nbsp;or&nbsp;<br />\ntest&nbsp;mode&nbsp;to&nbsp;suit&nbsp;your&nbsp;preparation&nbsp;goals.</p>\n\n<p><strong>Personalized&nbsp;Practice&nbsp;Exam&nbsp;</strong><br />\n&rsaquo;&nbsp;&nbsp;&nbsp;Focus&nbsp;on&nbsp;pain&nbsp;points.&nbsp;Generate&nbsp;practice&nbsp;questions&nbsp;based<br />\non&nbsp;difficulty&nbsp;level,&nbsp;subject&nbsp;area&nbsp;or&nbsp;questions&nbsp;previously<br />\nmarked&nbsp;for&nbsp;review.</p>\n','This section will provide you with high-quality practice ACT questions, as well as thorough explanations.  Your success is our passion.  Choose your difficulty level and begin practicing today. Prep smart with top-quality ACT practice questions accompanied with detailed explanations. Curate your own practice questions based on difficulty level and personalize your exam preparation.','Active',1,'2018-07-31 05:05:06','2020-10-14 12:56:05'),(2,6,'GRE-student.jpg','<h1><strong>Secure&nbsp;your&nbsp;dream&nbsp;program&nbsp;through&nbsp;our</strong></h1>\n\n<h1><strong>extensive&nbsp;GRE&nbsp;question&nbsp;bank.</strong></h1>\n\n<h1>&nbsp;</h1>\n','Your Success is Our Passion','<p>The&nbsp;GRE&nbsp;(the&nbsp;Graduate&nbsp;Record&nbsp;Examination)&nbsp;is&nbsp;a&nbsp;standardized&nbsp;exam&nbsp;that&nbsp;is&nbsp;often&nbsp;needed&nbsp;for&nbsp;admission&nbsp;to&nbsp;certain&nbsp;graduate&nbsp;programs.&nbsp;Your&nbsp;GRE&nbsp;score&nbsp;is&nbsp;taken&nbsp;into<br />\naccount&nbsp;along&nbsp;with&nbsp;your&nbsp;academic&nbsp;record&nbsp;and&nbsp;supporting&nbsp;materials&nbsp;to&nbsp;determine&nbsp;whether&nbsp;or&nbsp;not&nbsp;you&nbsp;are&nbsp;ready&nbsp;for&nbsp;graduate-level&nbsp;academics.&nbsp;Highly-sought&nbsp;after<br />\ngraduate&nbsp;programs&nbsp;prefers&nbsp;an&nbsp;average&nbsp;GRE&nbsp;score&nbsp;in&nbsp;the&nbsp;90th&nbsp;percentile.&nbsp;At&nbsp;this&nbsp;point&nbsp;in&nbsp;your&nbsp;career,&nbsp;you&nbsp;certainly&nbsp;already&nbsp;have&nbsp;your&nbsp;time&nbsp;filled&nbsp;with&nbsp;school,&nbsp;some&nbsp;type&nbsp;of<br />\npersonal&nbsp;life,&nbsp;and&nbsp;work.&nbsp;Since&nbsp;your&nbsp;time&nbsp;is&nbsp;very&nbsp;limited,&nbsp;the&nbsp;key&nbsp;to&nbsp;a&nbsp;high&nbsp;GRE&nbsp;score&nbsp;is&nbsp;the&nbsp;correct&nbsp;type&nbsp;of&nbsp;preparation&nbsp;and&nbsp;study.&nbsp;The&nbsp;average&nbsp;time&nbsp;it&nbsp;takes&nbsp;to&nbsp;go&nbsp;through<br />\na&nbsp;prep&nbsp;book&nbsp;is&nbsp;around&nbsp;350&nbsp;hours.&nbsp;Instead,&nbsp;use&nbsp;DanquahPrep&#39;s&nbsp;test&nbsp;bank&nbsp;to&nbsp;study&nbsp;as&nbsp;often&nbsp;as&nbsp;you&nbsp;are&nbsp;able,&nbsp;wherever&nbsp;you&nbsp;are&nbsp;able.&nbsp;Get&nbsp;more&nbsp;done&nbsp;in&nbsp;the&nbsp;time&nbsp;you&nbsp;have<br />\navailable.&nbsp;Our&nbsp;GRE&nbsp;database&nbsp;has&nbsp;over&nbsp;1,400&nbsp;questions.&nbsp;We&nbsp;thoroughly&nbsp;review&nbsp;every&nbsp;subject&nbsp;so&nbsp;you&nbsp;don&#39;t&nbsp;have&nbsp;any&nbsp;surprises&nbsp;on&nbsp;test&nbsp;day.&nbsp;Utilize&nbsp;the&nbsp;tracking&nbsp;abilities&nbsp;to<br />\npinpoint&nbsp;your&nbsp;weakness&nbsp;and&nbsp;improve&nbsp;on&nbsp;them,&nbsp;as&nbsp;well&nbsp;as&nbsp;continue&nbsp;to&nbsp;improve&nbsp;on&nbsp;your&nbsp;strengths.&nbsp;You&nbsp;also&nbsp;have&nbsp;access&nbsp;to&nbsp;unlimited&nbsp;practice&nbsp;exams&nbsp;in&nbsp;all&nbsp;the&nbsp;subjects.<br />\nOur&nbsp;test&nbsp;bank&nbsp;makes&nbsp;it&nbsp;convenient&nbsp;for&nbsp;you&nbsp;to&nbsp;study&nbsp;and&nbsp;build&nbsp;your&nbsp;confidence&nbsp;for&nbsp;exam&nbsp;day.</p>\n','<p><strong>1400&nbsp;Practice&nbsp;Questions&nbsp;</strong><br />\n&rsaquo;&nbsp;&nbsp;&nbsp;Developed&nbsp;and&nbsp;curated&nbsp;by&nbsp;experienced&nbsp;educators</p>\n\n<p><strong>Performance&nbsp;Tracker&nbsp;</strong><br />\n&rsaquo;&nbsp;&nbsp;&nbsp;Easily&nbsp;view&nbsp;your&nbsp;progress&nbsp;at&nbsp;a&nbsp;glance&nbsp;and&nbsp;compare&nbsp;with<br />\nothers.</p>\n\n<p><strong>Test&nbsp;Mode&nbsp;</strong><br />\n&rsaquo;&nbsp;&nbsp;&nbsp;Customize&nbsp;your&nbsp;test&nbsp;taking&nbsp;experience.&nbsp;Select&nbsp;tutor&nbsp;or&nbsp;<br />\ntest&nbsp;mode&nbsp;to&nbsp;suit&nbsp;your&nbsp;preparation&nbsp;goals.</p>\n\n<p><strong>Personalized&nbsp;Practice&nbsp;Exam&nbsp;</strong><br />\n&rsaquo;&nbsp;&nbsp;&nbsp;Focus&nbsp;on&nbsp;pain&nbsp;points.&nbsp;Generate&nbsp;practice&nbsp;questions&nbsp;based<br />\non&nbsp;difficulty&nbsp;level,&nbsp;subject&nbsp;area&nbsp;or&nbsp;questions&nbsp;previously<br />\nmarked&nbsp;for&nbsp;review.</p>\n\n<p>&nbsp;</p>\n','Challenge yourself to improve your score by pinpointing your weaknesses and working on them.  Personalize your GRE prep to receive your best possible score now.','Active',1,'2018-07-31 05:08:49','2020-10-14 10:13:51'),(3,7,'SAT-student.jpg','<h1><strong>Our&nbsp;SAT&nbsp;preparation&nbsp;expertise&nbsp;guides</strong></h1>\n\n<h1><strong>you&nbsp;to&nbsp;your&nbsp;success.</strong></h1>\n\n<h1>&nbsp;</h1>\n','Your Success is Our Passion','<p>Most&nbsp;colleges&nbsp;and&nbsp;universities&nbsp;use&nbsp;the&nbsp;SAT&nbsp;entrance&nbsp;exam&nbsp;to&nbsp;determine&nbsp;your&nbsp;readiness&nbsp;to&nbsp;attend&nbsp;their&nbsp;institution.Schools&nbsp;require&nbsp;a&nbsp;minimum&nbsp;score&nbsp;of&nbsp;400.&nbsp;The&nbsp;perfect<br />\nscore&nbsp;is&nbsp;1600,&nbsp;but&nbsp;the&nbsp;average&nbsp;is&nbsp;around&nbsp;1060.&nbsp;The&nbsp;score&nbsp;you&nbsp;need&nbsp;will&nbsp;vary&nbsp;depending&nbsp;on&nbsp;your&nbsp;educational&nbsp;goals&nbsp;and&nbsp;which&nbsp;school&nbsp;you&nbsp;want&nbsp;to&nbsp;attend.Our&nbsp;question<br />\nbank&nbsp;contains&nbsp;over&nbsp;1500&nbsp;of&nbsp;challenging&nbsp;questions&nbsp;that&nbsp;are&nbsp;either&nbsp;at&nbsp;or&nbsp;above&nbsp;the&nbsp;standard&nbsp;SAT&nbsp;difficulty&nbsp;level.&nbsp;We&nbsp;use&nbsp;only&nbsp;the&nbsp;most&nbsp;experienced&nbsp;educators&nbsp;to&nbsp;gather<br />\nour&nbsp;pool&nbsp;of&nbsp;questions&nbsp;and&nbsp;make&nbsp;sure&nbsp;to&nbsp;provide&nbsp;in-depth&nbsp;explanations&nbsp;for&nbsp;each&nbsp;answer&nbsp;so&nbsp;you&nbsp;completely&nbsp;understand&nbsp;the&nbsp;concepts.</p>\n','<p><strong>1400&nbsp;Practice&nbsp;Questions&nbsp;</strong><br />\n&rsaquo;&nbsp;&nbsp;&nbsp;Developed&nbsp;and&nbsp;curated&nbsp;by&nbsp;experienced&nbsp;educators</p>\n\n<p><strong>Performance&nbsp;Tracker&nbsp;</strong><br />\n&rsaquo;&nbsp;&nbsp;&nbsp;Easily&nbsp;view&nbsp;your&nbsp;progress&nbsp;at&nbsp;a&nbsp;glance&nbsp;and&nbsp;compare&nbsp;with<br />\nothers.</p>\n\n<p><strong>Test&nbsp;Mode&nbsp;</strong><br />\n&rsaquo;&nbsp;&nbsp;&nbsp;Customize&nbsp;your&nbsp;test&nbsp;taking&nbsp;experience.&nbsp;Select&nbsp;tutor&nbsp;or&nbsp;<br />\ntest&nbsp;mode&nbsp;to&nbsp;suit&nbsp;your&nbsp;preparation&nbsp;goals.</p>\n\n<p><strong>Personalized&nbsp;Practice&nbsp;Exam&nbsp;</strong><br />\n&rsaquo;&nbsp;&nbsp;&nbsp;Focus&nbsp;on&nbsp;pain&nbsp;points.&nbsp;Generate&nbsp;practice&nbsp;questions&nbsp;based<br />\non&nbsp;difficulty&nbsp;level,&nbsp;subject&nbsp;area&nbsp;or&nbsp;questions&nbsp;previously<br />\nmarked&nbsp;for&nbsp;review.</p>\n\n<p>&nbsp;</p>\n\n<p>&nbsp;</p>\n','Challenge yourself to improve your score by pinpointing your weaknesses and working on them.  Personalize your SAT prep to receive your best possible score now.','Active',1,'2018-07-31 05:11:57','2020-10-14 10:20:23'),(4,8,'MCAT-medical-student.jpg','<h1><strong>Succeed&nbsp;in&nbsp;MCAT&nbsp;with&nbsp;confidence&nbsp;thanks</strong></h1>\n\n<h1><strong>to&nbsp;our&nbsp;extensive&nbsp;question&nbsp;banks.</strong></h1>\n\n<h1>&nbsp;</h1>\n','Your Success is Our Passion','<p>The&nbsp;MCAT&nbsp;(the&nbsp;Medical&nbsp;College&nbsp;Admission&nbsp;Test)&nbsp;is&nbsp;the&nbsp;standardized&nbsp;exam&nbsp;that&nbsp;most&nbsp;medical&nbsp;schools&nbsp;use&nbsp;to&nbsp;determine&nbsp;possible&nbsp;applicants&#39;s&nbsp;existing&nbsp;knowledge&nbsp;of&nbsp;and<br />\naptitude&nbsp;for&nbsp;studying&nbsp;medicine.&nbsp;There&nbsp;are&nbsp;several&nbsp;way&nbsp;to&nbsp;study&nbsp;for&nbsp;your&nbsp;MCAT.&nbsp;The&nbsp;best&nbsp;way&nbsp;for&nbsp;you&nbsp;depends&nbsp;on&nbsp;what&nbsp;your&nbsp;goals&nbsp;and&nbsp;and&nbsp;what&nbsp;study&nbsp;style&nbsp;and&nbsp;schedule<br />\nbest&nbsp;suites&nbsp;you.&nbsp;Whether&nbsp;you&nbsp;prefer&nbsp;a&nbsp;traditional&nbsp;classroom&nbsp;or&nbsp;online&nbsp;courses,&nbsp;be&nbsp;sure&nbsp;that&nbsp;your&nbsp;plan&nbsp;includes&nbsp;plenty&nbsp;of&nbsp;opportunities&nbsp;to&nbsp;review&nbsp;and&nbsp;thoroughly&nbsp;learn&nbsp;the<br />\ncontent&nbsp;as&nbsp;well&nbsp;as&nbsp;real-life&nbsp;practice.&nbsp;Our&nbsp;MCAT&nbsp;question&nbsp;banks&nbsp;include&nbsp;over&nbsp;1,600&nbsp;questions.&nbsp;We&nbsp;guarantee&nbsp;that&nbsp;you&nbsp;will&nbsp;cover&nbsp;all&nbsp;information&nbsp;covered&nbsp;on&nbsp;the&nbsp;current<br />\nMCAT&nbsp;exam&nbsp;and&nbsp;will&nbsp;feel&nbsp;confident&nbsp;when&nbsp;it&nbsp;comes&nbsp;times&nbsp;to&nbsp;take&nbsp;the&nbsp;exam.</p>\n','<p><strong>1400&nbsp;Practice&nbsp;Questions&nbsp;</strong><br />\n&rsaquo;&nbsp;&nbsp;&nbsp;Developed&nbsp;and&nbsp;curated&nbsp;by&nbsp;experienced&nbsp;educators</p>\n\n<p><strong>Performance&nbsp;Tracker&nbsp;</strong><br />\n&rsaquo;&nbsp;&nbsp;&nbsp;Easily&nbsp;view&nbsp;your&nbsp;progress&nbsp;at&nbsp;a&nbsp;glance&nbsp;and&nbsp;compare&nbsp;with<br />\nothers.</p>\n\n<p><strong>Test&nbsp;Mode&nbsp;</strong><br />\n&rsaquo;&nbsp;&nbsp;&nbsp;Customize&nbsp;your&nbsp;test&nbsp;taking&nbsp;experience.&nbsp;Select&nbsp;tutor&nbsp;or&nbsp;<br />\ntest&nbsp;mode&nbsp;to&nbsp;suit&nbsp;your&nbsp;preparation&nbsp;goals.</p>\n\n<p><strong>Personalized&nbsp;Practice&nbsp;Exam&nbsp;</strong><br />\n&rsaquo;&nbsp;&nbsp;&nbsp;Focus&nbsp;on&nbsp;pain&nbsp;points.&nbsp;Generate&nbsp;practice&nbsp;questions&nbsp;based<br />\non&nbsp;difficulty&nbsp;level,&nbsp;subject&nbsp;area&nbsp;or&nbsp;questions&nbsp;previously<br />\nmarked&nbsp;for&nbsp;review.</p>\n\n<p>&nbsp;</p>\n\n<p>&nbsp;</p>\n','Let&apos;s get you started on your journey to preparing for the medical field.  Start studying for your MCAT now.','Inactive',1,'2018-07-31 05:15:22','2020-10-14 10:20:48'),(5,9,'Pharmaceutical-Calculations-pharmacist.jpg','<h1><strong>Take&nbsp;your&nbsp;Pharmaceutical&nbsp;Calculations</strong></h1>\r\n\r\n<h1><strong>performance&nbsp;to&nbsp;the&nbsp;next&nbsp;level.</strong></h1>\r\n\r\n<p>&nbsp;</p>\r\n','Your Success is Our Passion','<p>Learn&nbsp;how&nbsp;to&nbsp;master&nbsp;pharmaceutical&nbsp;calculations&nbsp;with&nbsp;our&nbsp;Calculations&nbsp;Question&nbsp;Bank.&nbsp;Solve&nbsp;calculations&nbsp;questions&nbsp;correctly&nbsp;and&nbsp;quicker&nbsp;than&nbsp;you&nbsp;ever&nbsp;thought&nbsp;you<br />\r\ncould&nbsp;and&nbsp;skyrocket&nbsp;your&nbsp;performance.</p>\r\n','<p><strong>Up-To-Date&nbsp;Questions</strong></p>\r\n\r\n<p>Over&nbsp;1000&nbsp;NAPLEX&nbsp;type&nbsp;short&nbsp;answer&nbsp;and&nbsp;multiple&nbsp;choice<br />\r\ncalculations&nbsp;questions&nbsp;with&nbsp;answers.</p>\r\n\r\n<p><strong>Personalized&nbsp;Practice</strong></p>\r\n\r\n<p>Designed&nbsp;for&nbsp;self-paced&nbsp;content&nbsp;review&nbsp;and&nbsp;to&nbsp;improve<br />\r\naccuracy.</p>\r\n\r\n<p><strong>Comprehensive</strong></p>\r\n\r\n<p>Covers&nbsp;all&nbsp;pertinent&nbsp;calculations&nbsp;topics&nbsp;described&nbsp;in&nbsp;the<br />\r\nNAPLEX&nbsp;blueprint.</p>\r\n\r\n<p><strong>Time&nbsp;Tracking</strong></p>\r\n\r\n<p>Use&nbsp;different&nbsp;levels&nbsp;of&nbsp;timed&nbsp;test&nbsp;to&nbsp;systematically&nbsp;improve<br />\r\nspeed.</p>\r\n\r\n<p><strong>24/7&nbsp;Access</strong></p>\r\n\r\n<p>Practice&nbsp;on&nbsp;a&nbsp;desktop&nbsp;or&nbsp;mobile&nbsp;phone&nbsp;whenever&nbsp;and<br />\r\nwherever&nbsp;you&nbsp;want.</p>\r\n\r\n<p><strong>Video&nbsp;Solutions</strong></p>\r\n\r\n<p>Gain&nbsp;deeper&nbsp;understanding&nbsp;with&nbsp;our&nbsp;step-by-step&nbsp;video<br />\r\nsolutions&nbsp;including&nbsp;rationale&nbsp;behind&nbsp;solutions.</p>\r\n\r\n<p><strong>Support&nbsp;Included</strong></p>\r\n\r\n<p>Free&nbsp;1&nbsp;hour&nbsp;biweekly&nbsp;question&nbsp;and&nbsp;answer&nbsp;webinar<br />\r\nsessions.</p>\r\n','Master pharmaceutical calculations with high-quality practice questions and  detailed step-by-step video explanations.','Active',1,'2018-07-31 05:20:27','2018-08-20 05:12:18'),(6,10,'PCAT-student.jpg','<h1><strong>Secure&nbsp;the&nbsp;college&nbsp;you&nbsp;want&nbsp;with&nbsp;our&nbsp;PCAT</strong></h1>\n\n<h1><strong>preparation&nbsp;program.</strong></h1>\n\n<p>&nbsp;</p>\n','Your Success is Our Passion','<p>The&nbsp;PCAT&nbsp;is&nbsp;the&nbsp;standard&nbsp;Pharmacy&nbsp;College&nbsp;Admission&nbsp;Test&nbsp;required&nbsp;by&nbsp;most&nbsp;pharmacy&nbsp;educational&nbsp;institutions.&nbsp;This&nbsp;exam&nbsp;is&nbsp;considered&nbsp;a&nbsp;step&nbsp;higher&nbsp;than&nbsp;the&nbsp;SAT<br />\nor&nbsp;the&nbsp;ACT&nbsp;exams.&nbsp;It&nbsp;focuses&nbsp;more&nbsp;on&nbsp;science&nbsp;and&nbsp;math.&nbsp;The&nbsp;scoring&nbsp;on&nbsp;the&nbsp;PCAT&nbsp;ranges&nbsp;from&nbsp;100-300,&nbsp;with&nbsp;the&nbsp;average&nbsp;being&nbsp;around&nbsp;200.&nbsp;Each&nbsp;institution&nbsp;has&nbsp;a<br />\nscore&nbsp;that&nbsp;they&nbsp;deem&nbsp;necessary&nbsp;in&nbsp;order&nbsp;to&nbsp;be&nbsp;accepted&nbsp;at&nbsp;that&nbsp;facility.&nbsp;The&nbsp;exam&nbsp;is&nbsp;generally&nbsp;broken&nbsp;down&nbsp;into&nbsp;a&nbsp;written&nbsp;portion&nbsp;that&nbsp;analyzes&nbsp;your&nbsp;ability&nbsp;to&nbsp;solve<br />\nproblems,&nbsp;a&nbsp;verbal&nbsp;portion,&nbsp;general&nbsp;biology,&nbsp;microbiology,&nbsp;human&nbsp;anatomy&nbsp;and&nbsp;physiology,&nbsp;chemistry,&nbsp;algebra,&nbsp;and&nbsp;calculus.</p>\n','<p><strong>1400&nbsp;Practice&nbsp;Questions&nbsp;</strong><br />\n&rsaquo;&nbsp;&nbsp;&nbsp;Developed&nbsp;and&nbsp;curated&nbsp;by&nbsp;experienced&nbsp;educators</p>\n\n<p><strong>Performance&nbsp;Tracker&nbsp;</strong><br />\n&rsaquo;&nbsp;&nbsp;&nbsp;Easily&nbsp;view&nbsp;your&nbsp;progress&nbsp;at&nbsp;a&nbsp;glance&nbsp;and&nbsp;compare&nbsp;with<br />\nothers.</p>\n\n<p><strong>Test&nbsp;Mode&nbsp;</strong><br />\n&rsaquo;&nbsp;&nbsp;&nbsp;Customize&nbsp;your&nbsp;test&nbsp;taking&nbsp;experience.&nbsp;Select&nbsp;tutor&nbsp;or&nbsp;<br />\ntest&nbsp;mode&nbsp;to&nbsp;suit&nbsp;your&nbsp;preparation&nbsp;goals.</p>\n\n<p><strong>Personalized&nbsp;Practice&nbsp;Exam&nbsp;</strong><br />\n&rsaquo;&nbsp;&nbsp;&nbsp;Focus&nbsp;on&nbsp;pain&nbsp;points.&nbsp;Generate&nbsp;practice&nbsp;questions&nbsp;based<br />\non&nbsp;difficulty&nbsp;level,&nbsp;subject&nbsp;area&nbsp;or&nbsp;questions&nbsp;previously<br />\nmarked&nbsp;for&nbsp;review.</p>\n\n<p>&nbsp;</p>\n\n<p>&nbsp;</p>\n','Our test questions will get you confident and ready for your PCAT in no time at all.','Active',1,'2018-07-31 05:22:38','2020-10-14 10:21:24'),(7,11,'PTCB-student.jpg','<h1><strong>Secure&nbsp;your&nbsp;future&nbsp;with&nbsp;PTCE&nbsp;success</strong></h1>\r\n\r\n<h1><strong>through&nbsp;our&nbsp;extensive&nbsp;practice&nbsp;exams.</strong></h1>\r\n\r\n<h1>&nbsp;</h1>\r\n','Your Success is Our Passion','<p>PTCB&nbsp;stands&nbsp;for&nbsp;Pharmacy&nbsp;Technician&nbsp;Certification&nbsp;Board.&nbsp;&nbsp;The&nbsp;Board&nbsp;oversees&nbsp;all&nbsp;pharmacy&nbsp;technician&nbsp;certifications&nbsp;exams&nbsp;(PTCE).&nbsp;&nbsp;This&nbsp;is&nbsp;a&nbsp;standardized&nbsp;exam&nbsp;to<br />\r\ndetermine&nbsp;whether&nbsp;or&nbsp;not&nbsp;a&nbsp;person&nbsp;seems&nbsp;capable&nbsp;of&nbsp;the&nbsp;education&nbsp;needed&nbsp;in&nbsp;order&nbsp;to&nbsp;become&nbsp;a&nbsp;pharmacy&nbsp;technician.&nbsp;The&nbsp;PTCE&nbsp;knowledge&nbsp;is&nbsp;divided&nbsp;into&nbsp;nine&nbsp;topics.<br />\r\nOur&nbsp;expertly&nbsp;gathered&nbsp;practice&nbsp;exams&nbsp;will&nbsp;help&nbsp;you&nbsp;with&nbsp;all&nbsp;the&nbsp;topics.&nbsp;&nbsp;Don&rsquo;t&nbsp;worry;&nbsp;we&nbsp;will&nbsp;make&nbsp;sure&nbsp;you&nbsp;are&nbsp;prepared&nbsp;in&nbsp;all&nbsp;the&nbsp;topics&nbsp;necessary</p>\r\n\r\n<p>&nbsp;</p>\r\n','<p><strong>Highlights&nbsp;of&nbsp;some&nbsp;of&nbsp;the&nbsp;topics&nbsp;covered</strong></p>\r\n\r\n<p><br />\r\n&rsaquo;&nbsp;&nbsp;Calculations&nbsp;<br />\r\n&rsaquo;&nbsp;&nbsp;Pharmacy&nbsp;Law&nbsp;&nbsp;<br />\r\n&rsaquo;&nbsp;&nbsp;Scheduled&nbsp;Drugs&nbsp;<br />\r\n&rsaquo;&nbsp;&nbsp;Top&nbsp;200&nbsp;drugs<br />\r\n&rsaquo;&nbsp;&nbsp;Equipment&nbsp;<br />\r\n&rsaquo;&nbsp;&nbsp;Routes&nbsp;and&nbsp;Formulations&nbsp;<br />\r\n&rsaquo;&nbsp;&nbsp;Parenteral<br />\r\n&rsaquo;&nbsp;&nbsp;Drug&nbsp;Interactions<br />\r\n&rsaquo;&nbsp;&nbsp;Retail&nbsp;math</p>\r\n','Our test questions will get you confident and ready for your PTCE in no time at all.','Active',1,'2018-07-31 05:27:30','2018-08-20 05:33:11'),(8,12,'NCLEX-RN--Nurse.jpg','<h1><strong>Pass&nbsp;the&nbsp;NCLEX&nbsp;RN&nbsp;with&nbsp;confidence</strong></h1>\n\n<h1><strong>with&nbsp;our&nbsp;</strong><strong>world&nbsp;class</strong><strong>&nbsp;preparation.</strong></h1>\n\n<h1>&nbsp;</h1>\n','Your Success is Our Passion','<p>The&nbsp;NCLEX-RN&nbsp;study&nbsp;exams&nbsp;includes&nbsp;over&nbsp;1,250&nbsp;questions&nbsp;expertly&nbsp;collected&nbsp;and&nbsp;organized&nbsp;by&nbsp;practicing&nbsp;nursing&nbsp;and&nbsp;nurse&nbsp;educators.&nbsp;&nbsp;They&nbsp;use&nbsp;their&nbsp;knowledge&nbsp;and<br />\nreal-life&nbsp;clinical&nbsp;practice&nbsp;to&nbsp;make&nbsp;certain&nbsp;you&nbsp;have&nbsp;the&nbsp;most&nbsp;advantageous&nbsp;information&nbsp;available.&nbsp;As&nbsp;you&nbsp;move&nbsp;along&nbsp;through&nbsp;the&nbsp;practice&nbsp;exams,&nbsp;you&nbsp;will&nbsp;receive<br />\nin-depth&nbsp;explanations&nbsp;and&nbsp;countless&nbsp;illustrations&nbsp;and&nbsp;images&nbsp;to&nbsp;ensure&nbsp;you&nbsp;completely&nbsp;understand&nbsp;the&nbsp;content.</p>\n','<p><strong>1400&nbsp;Practice&nbsp;Questions&nbsp;</strong><br />\n&rsaquo;&nbsp;&nbsp;&nbsp;Developed&nbsp;and&nbsp;curated&nbsp;by&nbsp;experienced&nbsp;educators</p>\n\n<p><strong>Performance&nbsp;Tracker&nbsp;</strong><br />\n&rsaquo;&nbsp;&nbsp;&nbsp;Easily&nbsp;view&nbsp;your&nbsp;progress&nbsp;at&nbsp;a&nbsp;glance&nbsp;and&nbsp;compare&nbsp;with<br />\nothers.</p>\n\n<p><strong>Test&nbsp;Mode&nbsp;</strong><br />\n&rsaquo;&nbsp;&nbsp;&nbsp;Customize&nbsp;your&nbsp;test&nbsp;taking&nbsp;experience.&nbsp;Select&nbsp;tutor&nbsp;or&nbsp;<br />\ntest&nbsp;mode&nbsp;to&nbsp;suit&nbsp;your&nbsp;preparation&nbsp;goals.</p>\n\n<p><strong>Personalized&nbsp;Practice&nbsp;Exam&nbsp;</strong><br />\n&rsaquo;&nbsp;&nbsp;&nbsp;Focus&nbsp;on&nbsp;pain&nbsp;points.&nbsp;Generate&nbsp;practice&nbsp;questions&nbsp;based<br />\non&nbsp;difficulty&nbsp;level,&nbsp;subject&nbsp;area&nbsp;or&nbsp;questions&nbsp;previously<br />\nmarked&nbsp;for&nbsp;review.</p>\n\n<p>&nbsp;</p>\n\n<p>&nbsp;</p>\n','Our goal is to challenge you and improve your critical thinking skills in order for you to understand the clinical reasoning behind the correct answer.  Let us help you pass your licensing exam with confidence and ease.','Active',1,'2018-07-31 05:30:36','2020-10-14 10:22:12'),(9,13,'NAPLEX-pharmacist.jpg','<h1><strong>Kickstart&nbsp;your&nbsp;career,&nbsp;our&nbsp;NAPLEX</strong></h1>\n\n<h1><strong>preparation&nbsp;primes&nbsp;you&nbsp;for&nbsp;success.</strong></h1>\n\n<h1>&nbsp;</h1>\n','Your Success is Our Passion','<p>NAPLEX&nbsp;stands&nbsp;for&nbsp;North&nbsp;American&nbsp;Pharmacist&nbsp;Licensure&nbsp;Examination.&nbsp;&nbsp;Our&nbsp;NAPLEX&nbsp;practice&nbsp;tests&nbsp;are&nbsp;based&nbsp;on&nbsp;the&nbsp;current&nbsp;exams,&nbsp;so&nbsp;you&nbsp;can&nbsp;rest&nbsp;assured&nbsp;that&nbsp;you<br />\nwill&nbsp;cover&nbsp;all&nbsp;the&nbsp;information&nbsp;you&nbsp;need&nbsp;in&nbsp;order&nbsp;to&nbsp;score&nbsp;high&nbsp;on&nbsp;your&nbsp;final&nbsp;exam.&nbsp;We&nbsp;offer&nbsp;over&nbsp;2,600&nbsp;questions,&nbsp;ensuring&nbsp;that&nbsp;we&nbsp;cover&nbsp;all&nbsp;the&nbsp;pertinent&nbsp;information.<br />\nOur&nbsp;team&nbsp;of&nbsp;experienced&nbsp;pharmacists&nbsp;collected&nbsp;and&nbsp;organized&nbsp;the&nbsp;information&nbsp;to&nbsp;make&nbsp;sure&nbsp;all&nbsp;major&nbsp;aspects&nbsp;of&nbsp;the&nbsp;therapeutic&nbsp;study&nbsp;are&nbsp;included.</p>\n','<p><strong>2600&nbsp;Practice&nbsp;Questions&nbsp;</strong><br />\n&rsaquo;&nbsp;&nbsp;&nbsp;Developed&nbsp;and&nbsp;curated&nbsp;by&nbsp;experienced&nbsp;educators</p>\n\n<p><strong>Performance&nbsp;Tracker&nbsp;</strong><br />\n&rsaquo;&nbsp;&nbsp;&nbsp;Easily&nbsp;view&nbsp;your&nbsp;progress&nbsp;at&nbsp;a&nbsp;glance&nbsp;and&nbsp;compare&nbsp;with<br />\nothers.</p>\n\n<p><strong>Test&nbsp;Mode&nbsp;</strong><br />\n&rsaquo;&nbsp;&nbsp;&nbsp;Customize&nbsp;your&nbsp;test&nbsp;taking&nbsp;experience.&nbsp;Select&nbsp;tutor&nbsp;or<br />\ntest&nbsp;mode&nbsp;to&nbsp;suit&nbsp;your&nbsp;preparation&nbsp;goals</p>\n\n<p><strong>Personalized&nbsp;Practice&nbsp;Exam&nbsp;</strong><br />\n&rsaquo;&nbsp;&nbsp;&nbsp;Focus&nbsp;on&nbsp;pain&nbsp;points.&nbsp;Generate&nbsp;practice&nbsp;questions&nbsp;based<br />\non&nbsp;difficulty&nbsp;level,&nbsp;subject&nbsp;area&nbsp;or&nbsp;questions&nbsp;previously<br />\nmarked&nbsp;for&nbsp;review.</p>\n\n<p>&nbsp;</p>\n\n<p>&nbsp;</p>\n','Use the practice exams to review your strengths and weaknesses and improve on them.  If you get an answer incorrect, we will thoroughly explain the concept to make sure you completely understand the rationale.  We offer many opportunities for you to work on the calculations needed in order for you to feel confident on your actual exam day.','Active',1,'2018-07-31 05:32:08','2020-10-14 10:22:42'),(10,14,'USLME-Doctor.jpg','<h1><strong>Take&nbsp;the&nbsp;USMLE&nbsp;tests&nbsp;in&nbsp;your&nbsp;stride&nbsp;with</strong></h1>\n\n<h1><strong>comprehensive&nbsp;preparation&nbsp;and&nbsp;guidance.</strong></h1>\n\n<h1>&nbsp;</h1>\n','Your Success is Our Passion','<p>USMLE&nbsp;(the&nbsp;United&nbsp;States&nbsp;Medical&nbsp;Licensing&nbsp;Examination)&nbsp;is&nbsp;a&nbsp;set&nbsp;of&nbsp;four&nbsp;exams&nbsp;taken&nbsp;over&nbsp;different&nbsp;times&nbsp;in&nbsp;your&nbsp;medical&nbsp;career&nbsp;that&nbsp;determine&nbsp;whether&nbsp;or&nbsp;not&nbsp;you&#39;re<br />\nready&nbsp;to&nbsp;practice&nbsp;medicine.&nbsp;The&nbsp;prep&nbsp;exam&nbsp;are&nbsp;put&nbsp;together&nbsp;and&nbsp;taught&nbsp;by&nbsp;board-certified&nbsp;medical&nbsp;professionals&nbsp;who&nbsp;know&nbsp;first-hand&nbsp;what&nbsp;you&nbsp;will&nbsp;need&nbsp;to&nbsp;know&nbsp;in<br />\norder&nbsp;to&nbsp;start&nbsp;your&nbsp;residency.&nbsp;The&nbsp;first&nbsp;exam&nbsp;is&nbsp;set&nbsp;up&nbsp;to&nbsp;assess&nbsp;your&nbsp;basic&nbsp;scientific&nbsp;knowledge&nbsp;and&nbsp;aptitude&nbsp;towards&nbsp;medicine.&nbsp;The&nbsp;second&nbsp;step&nbsp;of&nbsp;the&nbsp;USMLE&nbsp;exam<br />\nincludes&nbsp;a&nbsp;clinical&nbsp;skills&nbsp;portion.&nbsp;Step&nbsp;3&nbsp;of&nbsp;the&nbsp;exam&nbsp;process&nbsp;gives&nbsp;potential&nbsp;institutions&nbsp;a&nbsp;final&nbsp;assessment&nbsp;of&nbsp;a&nbsp;physician&#39;s&nbsp;ability&nbsp;to&nbsp;be&nbsp;independent,&nbsp;responsible,&nbsp;and<br />\ncapable&nbsp;of&nbsp;delivering&nbsp;general&nbsp;medical&nbsp;care.</p>\n','<p><strong>1400&nbsp;Practice&nbsp;Questions&nbsp;</strong><br />\n&rsaquo;&nbsp;&nbsp;&nbsp;Developed&nbsp;and&nbsp;curated&nbsp;by&nbsp;experienced&nbsp;educators</p>\n\n<p><strong>Performance&nbsp;Tracker&nbsp;</strong><br />\n&rsaquo;&nbsp;&nbsp;&nbsp;Easily&nbsp;view&nbsp;your&nbsp;progress&nbsp;at&nbsp;a&nbsp;glance&nbsp;and&nbsp;compare&nbsp;with<br />\nothers.</p>\n\n<p><strong>Test&nbsp;Mode&nbsp;</strong><br />\n&rsaquo;&nbsp;&nbsp;&nbsp;Customize&nbsp;your&nbsp;test&nbsp;taking&nbsp;experience.&nbsp;Select&nbsp;tutor&nbsp;or&nbsp;<br />\ntest&nbsp;mode&nbsp;to&nbsp;suit&nbsp;your&nbsp;preparation&nbsp;goals.</p>\n\n<p><strong>Personalized&nbsp;Practice&nbsp;Exam&nbsp;</strong><br />\n&rsaquo;&nbsp;&nbsp;&nbsp;Focus&nbsp;on&nbsp;pain&nbsp;points.&nbsp;Generate&nbsp;practice&nbsp;questions&nbsp;based<br />\non&nbsp;difficulty&nbsp;level,&nbsp;subject&nbsp;area&nbsp;or&nbsp;questions&nbsp;previously<br />\nmarked&nbsp;for&nbsp;review.</p>\n\n<p>&nbsp;</p>\n\n<p>&nbsp;</p>\n','The USMLE exams include over 1,600 expertly written questions.  These questions are developed to improve your step-by-step critical thinking process.  We provide in-depth explanations and excellent illustrations, charts, and images to ensure that you comprehend and understand the content.','Active',1,'2018-07-31 05:33:35','2020-10-14 10:16:39');
/*!40000 ALTER TABLE `tbl_settings` ENABLE KEYS */;
UNLOCK TABLES;

--
-- Table structure for table `tbl_subjects`
--

DROP TABLE IF EXISTS `tbl_subjects`;
/*!40101 SET @saved_cs_client     = @@character_set_client */;
/*!40101 SET character_set_client = utf8 */;
CREATE TABLE `tbl_subjects` (
  `id` int(11) NOT NULL AUTO_INCREMENT,
  `category_id` int(11) NOT NULL,
  `type_id` int(11) NOT NULL,
  `subject_name` varchar(255) NOT NULL,
  `created_by` int(11) NOT NULL,
  `status` enum('Active','Inactive') NOT NULL,
  `created_date` datetime NOT NULL DEFAULT CURRENT_TIMESTAMP,
  `updated_date` datetime NOT NULL DEFAULT CURRENT_TIMESTAMP ON UPDATE CURRENT_TIMESTAMP,
  PRIMARY KEY (`id`)
) ENGINE=InnoDB AUTO_INCREMENT=38 DEFAULT CHARSET=latin1;
/*!40101 SET character_set_client = @saved_cs_client */;

--
-- Dumping data for table `tbl_subjects`
--

LOCK TABLES `tbl_subjects` WRITE;
/*!40000 ALTER TABLE `tbl_subjects` DISABLE KEYS */;
INSERT INTO `tbl_subjects` VALUES (1,5,4,'Geometry',1,'Active','2018-07-31 04:44:26','2018-07-31 06:55:45'),(2,5,4,'Algebra and Functions',1,'Active','2018-07-31 04:44:39','2018-07-31 06:55:48'),(3,5,4,'Statistics and Probability',1,'Active','2018-07-31 04:44:49','2018-07-31 06:55:51'),(4,5,4,'Number and Quantity',1,'Active','2018-07-31 04:45:00','2018-07-31 06:55:53'),(5,7,1,'Heart of Algebra',1,'Active','2018-07-31 04:45:19','2018-07-31 06:55:55'),(6,7,1,'Passport to Advanced Math',1,'Active','2018-07-31 04:45:29','2018-07-31 06:55:57'),(7,7,1,'Problem Solving and Data Analysis',1,'Active','2018-07-31 04:45:39','2018-07-31 06:55:59'),(8,7,1,'Additional Topics in Math',1,'Active','2018-07-31 04:45:48','2018-07-31 06:56:03'),(9,9,8,'Ways of Expressing Concentration',1,'Inactive','2018-08-01 07:50:54','2020-07-31 23:29:14'),(10,5,5,'Humanities',1,'Active','2018-08-06 01:28:47','2018-08-06 00:28:47'),(11,9,21,'Rates of Administration',1,'Inactive','2018-08-29 18:27:44','2022-02-12 20:20:55'),(12,9,13,'Flow Rate Calculations',1,'Active','2018-08-29 18:30:56','2020-09-15 23:37:19'),(13,9,8,'Ratio and Proportion ',1,'Active','2018-08-29 18:35:55','2020-10-12 18:54:28'),(14,9,8,'Density',1,'Active','2018-08-29 18:36:29','2018-08-29 18:36:29'),(15,9,9,'Total Parenteral Nutrition',1,'Active','2018-08-29 18:39:09','2018-08-29 18:39:09'),(16,9,10,'Ways of Expressing Concentration',1,'Active','2018-08-29 18:40:34','2018-08-29 18:40:34'),(17,9,10,'Dilution and Concentration',1,'Active','2018-08-29 18:41:33','2018-08-29 18:41:33'),(18,9,10,'pH and Buffers',1,'Active','2018-08-29 18:43:10','2018-08-29 18:43:10'),(19,9,11,'Dosage Calculations',1,'Active','2018-08-29 18:44:24','2018-08-29 18:44:24'),(20,9,11,'Milliequivalents',1,'Active','2018-08-29 18:45:19','2018-08-29 18:45:19'),(21,9,11,'Osmolarity',1,'Active','2018-08-29 18:45:56','2018-08-29 18:45:56'),(22,9,11,'Isotonicity',1,'Active','2018-08-29 18:46:52','2018-08-29 18:46:52'),(23,9,21,'Reconstitution of Powders',1,'Inactive','2018-08-29 18:47:42','2020-12-20 07:46:27'),(24,9,11,'Radiopharmaceutical Calculations',1,'Active','2018-08-29 18:48:29','2018-08-29 18:48:29'),(25,9,12,'Reducing and Enlarging Formulas',1,'Active','2018-08-29 18:49:44','2018-08-29 18:49:44'),(26,9,12,'Aliquot',1,'Active','2018-08-29 18:50:25','2018-08-29 18:50:25'),(27,9,15,'Simple addition',1,'Active','2020-09-15 18:39:31','2020-09-15 23:39:31'),(28,9,16,'Electrolytes AAA',1,'Active','2020-09-20 20:24:05','2020-09-21 01:24:05'),(29,9,17,'Ratio Strength - ',1,'Active','2020-10-05 21:29:47','2020-10-06 02:29:47'),(30,9,18,'Ratio and Proportion ',1,'Active','2020-10-12 15:25:49','2020-10-12 20:25:49'),(31,9,18,'Ways of Expressing Concentration',1,'Active','2020-10-12 15:27:02','2020-10-12 20:27:02'),(32,9,18,'Ratio Strength',1,'Active','2020-10-12 15:28:03','2020-10-12 20:28:03'),(33,9,18,'Dosage Calculations',1,'Active','2020-10-12 15:36:26','2020-10-12 20:36:26'),(34,9,19,'Advanced subject',1,'Inactive','2020-11-08 02:57:38','2020-11-08 09:20:47'),(35,9,21,'Enteral and Parenteral Nutrition',1,'Active','2020-12-20 07:47:04','2020-12-20 07:47:04'),(36,9,21,'Osmolarity',1,'Active','2021-11-24 23:49:04','2021-11-24 23:49:04'),(37,9,21,'Flow Rate Calculations',1,'Active','2022-02-12 20:19:28','2022-02-12 20:19:28');
/*!40000 ALTER TABLE `tbl_subjects` ENABLE KEYS */;
UNLOCK TABLES;

--
-- Table structure for table `tbl_subscribe_package`
--

DROP TABLE IF EXISTS `tbl_subscribe_package`;
/*!40101 SET @saved_cs_client     = @@character_set_client */;
/*!40101 SET character_set_client = utf8 */;
CREATE TABLE `tbl_subscribe_package` (
  `id` int(11) NOT NULL AUTO_INCREMENT,
  `student_id` int(11) NOT NULL,
  `category_id` int(11) NOT NULL,
  `package_id` int(11) NOT NULL,
  `subscription_date` date NOT NULL,
  `expiry_date` date NOT NULL,
  `status` varchar(100) COLLATE utf8_unicode_ci NOT NULL,
  `subscription_status` enum('Active','Expired') COLLATE utf8_unicode_ci NOT NULL DEFAULT 'Active',
  `txn_id` varchar(255) COLLATE utf8_unicode_ci NOT NULL,
  `payment_id` int(11) NOT NULL,
  `created_date` datetime NOT NULL,
  PRIMARY KEY (`id`)
) ENGINE=MyISAM AUTO_INCREMENT=26 DEFAULT CHARSET=utf8 COLLATE=utf8_unicode_ci;
/*!40101 SET character_set_client = @saved_cs_client */;

--
-- Dumping data for table `tbl_subscribe_package`
--

LOCK TABLES `tbl_subscribe_package` WRITE;
/*!40000 ALTER TABLE `tbl_subscribe_package` DISABLE KEYS */;
INSERT INTO `tbl_subscribe_package` VALUES (1,1,5,1,'2018-08-07','2018-09-06','succeeded','Active','ch_1CwOsLHkceIAAF7vaaqajf1w',1,'2018-08-07 01:41:01'),(2,1,5,2,'2018-09-07','2018-12-06','succeeded','Active','ch_1CwPQFHkceIAAF7vmjmy6qpz',2,'2018-08-07 02:16:04'),(3,1,5,3,'2018-12-07','2019-06-05','succeeded','Active','ch_1CwPreHkceIAAF7vjOEIUQXs',3,'2018-08-07 02:44:23'),(4,1,5,1,'2019-06-06','2019-07-06','succeeded','Active','ch_1D1BEUDeriUoU3nCVFZq4zt3',4,'2018-08-20 06:07:39'),(5,10,9,13,'2018-12-12','2019-01-11','succeeded','Active','ch_1DgiV7DeriUoU3nCIvLYpMf7',5,'2018-12-12 18:56:30'),(6,10,5,1,'2018-12-12','2019-01-11','succeeded','Active','ch_1DgiknDeriUoU3nCijJKx8lK',6,'2018-12-12 19:12:42'),(7,9,9,13,'2020-08-01','2020-08-31','succeeded','Active','ch_1HBCsqDeriUoU3nC7keaoose',7,'2020-08-01 00:03:49'),(8,13,14,28,'2020-08-02','2020-09-01','succeeded','Active','ch_1HBZnEDeriUoU3nCkIntpfrM',8,'2020-08-02 00:31:33'),(9,13,9,13,'2020-08-02','2020-09-01','succeeded','Active','ch_1HBaOtDeriUoU3nCUMGD1tJ4',9,'2020-08-02 01:10:29'),(10,13,9,13,'2020-09-02','2020-10-02','succeeded','Active','ch_1HBiyqDeriUoU3nCTyrhVNuM',10,'2020-08-02 10:20:10'),(11,13,9,13,'2020-10-03','2020-11-02','succeeded','Expired','ch_1HBwIIDeriUoU3nCp0adRd4a',11,'2020-08-03 00:33:07'),(12,13,9,13,'2020-11-03','2020-12-03','succeeded','Expired','ch_1HBwN5DeriUoU3nCGuhQMa26',12,'2020-08-03 00:38:04'),(13,13,9,13,'2020-12-04','2021-01-03','succeeded','Expired','ch_1HBwOCDeriUoU3nCWTEiF668',13,'2020-08-03 00:39:13'),(14,13,9,13,'2021-01-04','2021-02-03','succeeded','Expired','ch_1HBwTqDeriUoU3nCqx6Restg',14,'2020-08-03 00:45:03'),(15,13,9,13,'2021-02-04','2021-03-06','succeeded','Expired','ch_1HBwbPDeriUoU3nC0EaT4eZI',15,'2020-08-03 00:52:52'),(16,13,9,13,'2021-03-07','2021-04-06','succeeded','Expired','ch_1HBwcHDeriUoU3nCdMT9nOBx',16,'2020-08-03 00:53:46'),(17,13,9,13,'2021-04-07','2021-05-07','succeeded','Expired','ch_1HBwwHDeriUoU3nCqCQkfbNe',17,'2020-08-03 01:14:26'),(18,13,9,14,'2021-05-08','2021-08-06','succeeded','Expired','ch_1HBxLRDeriUoU3nCLDC1ZtSR',18,'2020-08-03 01:40:26'),(19,13,9,14,'2021-08-07','2021-11-05','succeeded','Expired','ch_1HBxNPDeriUoU3nCTLChLiGA',19,'2020-08-03 01:42:28'),(20,13,9,13,'2021-11-06','2021-12-06','succeeded','Expired','ch_1HBxVQDeriUoU3nCOCCuRvQt',20,'2020-08-03 01:50:45'),(21,13,9,13,'2021-12-07','2022-01-06','succeeded','Expired','ch_1HBxWYDeriUoU3nCB3sFfrFu',21,'2020-08-03 01:51:55'),(22,13,9,13,'2022-01-07','2022-02-06','succeeded','Expired','ch_1HBxZLDeriUoU3nCOXD96XGM',22,'2020-08-03 01:54:48'),(23,13,9,13,'2022-02-07','2022-03-09','succeeded','Expired','ch_1HOkw2DeriUoU3nC3XY6B0LW',23,'2020-09-07 09:03:09'),(24,19,9,13,'2020-09-08','2020-10-08','succeeded','Expired','ch_1HP5yeDeriUoU3nCvTgRb3hV',24,'2020-09-08 07:31:15'),(25,25,9,13,'2020-10-07','2020-11-06','succeeded','Active','ch_1HZfeKDeriUoU3nCc6IrE3fE',1,'2020-10-07 11:37:59');
/*!40000 ALTER TABLE `tbl_subscribe_package` ENABLE KEYS */;
UNLOCK TABLES;

--
-- Table structure for table `tbl_topics`
--

DROP TABLE IF EXISTS `tbl_topics`;
/*!40101 SET @saved_cs_client     = @@character_set_client */;
/*!40101 SET character_set_client = utf8 */;
CREATE TABLE `tbl_topics` (
  `id` int(11) NOT NULL AUTO_INCREMENT,
  `category_id` int(11) NOT NULL,
  `type_id` int(11) NOT NULL,
  `subject_id` int(11) NOT NULL,
  `topic_name` varchar(255) NOT NULL,
  `created_by` int(11) NOT NULL,
  `status` enum('Active','Inactive') NOT NULL,
  `created_date` datetime NOT NULL DEFAULT CURRENT_TIMESTAMP,
  `updated_date` datetime NOT NULL DEFAULT CURRENT_TIMESTAMP ON UPDATE CURRENT_TIMESTAMP,
  PRIMARY KEY (`id`)
) ENGINE=InnoDB AUTO_INCREMENT=49 DEFAULT CHARSET=latin1;
/*!40101 SET character_set_client = @saved_cs_client */;

--
-- Dumping data for table `tbl_topics`
--

LOCK TABLES `tbl_topics` WRITE;
/*!40000 ALTER TABLE `tbl_topics` DISABLE KEYS */;
INSERT INTO `tbl_topics` VALUES (1,7,1,5,'Linear Equations and Inequalities',1,'Active','2018-07-31 04:46:20','2018-07-31 06:56:08'),(2,7,1,5,'Linear Functions',1,'Active','2018-07-31 04:46:38','2018-07-31 06:56:11'),(3,7,1,5,'Systems of Linear Equations and Inequalities',1,'Active','2018-07-31 04:46:52','2018-07-31 06:56:13'),(4,7,1,5,'Factors and Divisibility',1,'Active','2018-07-31 04:47:13','2018-07-31 06:56:15'),(5,5,4,1,'Factors and Divisibility',1,'Active','2018-07-31 06:49:55','2018-07-31 06:56:18'),(6,5,4,1,'Probability',1,'Active','2018-07-31 06:50:17','2018-07-31 06:56:20'),(7,5,4,1,'Numbers',1,'Active','2018-07-31 06:50:35','2018-07-31 06:56:22'),(8,5,4,1,'Radicals, Rationals, and Exponentials',1,'Active','2018-07-31 06:50:52','2018-07-31 06:56:25'),(9,9,8,9,'Percentage Concentrations',1,'Inactive','2018-08-01 07:51:29','2018-08-29 18:38:07'),(10,9,13,11,'Flow Rate Calculations',1,'Active','2018-08-29 18:31:31','2018-08-29 18:31:31'),(11,9,8,13,'Proportions',1,'Active','2018-08-29 18:36:09','2020-10-12 18:54:51'),(12,9,8,14,'Density',1,'Active','2018-08-29 18:37:01','2018-08-29 18:37:01'),(13,9,9,15,'Total Parenteral Nutrition',1,'Active','2018-08-29 18:39:33','2018-08-29 18:39:33'),(14,9,10,16,'Ways of Expressing Concentration',1,'Active','2018-08-29 18:40:58','2018-08-29 18:40:58'),(15,9,10,17,'Dilution and Concentration',1,'Active','2018-08-29 18:42:06','2018-08-29 18:42:06'),(16,9,10,18,'pH and Buffers',1,'Active','2018-08-29 18:43:27','2018-08-29 18:43:27'),(17,9,11,19,'Dosage Calculations',1,'Active','2018-08-29 18:44:47','2018-08-29 18:44:47'),(18,9,11,20,'Milliequivalents',1,'Active','2018-08-29 18:45:31','2018-08-29 18:45:31'),(19,9,11,21,'Osmolarity',1,'Active','2018-08-29 18:46:13','2018-08-29 18:46:13'),(20,9,11,22,'Isotonicity',1,'Active','2018-08-29 18:47:12','2018-08-29 18:47:12'),(21,9,11,23,'Reconstitution of Powders',1,'Active','2018-08-29 18:47:56','2018-08-29 18:47:56'),(22,9,11,24,'Radiopharmaceutical Calculations',1,'Active','2018-08-29 18:48:45','2018-08-29 18:48:45'),(23,9,12,25,'Reducing and Enlarging Formulas',1,'Active','2018-08-29 18:50:02','2018-08-29 18:50:02'),(24,9,12,26,'Aliquot',1,'Active','2018-08-29 18:50:36','2018-08-29 18:50:36'),(25,9,15,27,'base 10',1,'Active','2020-09-15 18:40:05','2020-09-15 23:40:05'),(26,9,16,28,'NaCl',1,'Active','2020-09-20 20:28:21','2020-09-21 01:28:21'),(27,9,17,29,'ratio strength 1',1,'Active','2020-10-05 21:30:22','2020-10-06 02:30:22'),(28,9,18,30,'Proportions',1,'Active','2020-10-12 15:26:04','2020-10-12 20:26:04'),(29,9,18,31,'Ways of Expressing Concentration',1,'Active','2020-10-12 15:27:41','2020-10-12 20:27:41'),(30,9,18,32,'Ratio strength',1,'Active','2020-10-12 15:28:30','2020-10-12 20:28:30'),(31,9,18,33,'Dosage',1,'Active','2020-10-12 15:36:41','2020-10-12 20:36:41'),(32,9,19,34,'Advanced topic',1,'Active','2020-11-08 02:58:05','2020-11-08 08:58:05'),(33,9,21,35,'Calculation of Nutritional Requirements',1,'Active','2020-12-20 07:52:26','2020-12-20 07:52:26'),(34,9,21,36,'Calculating osmolarity (mOsm/L)',1,'Active','2021-11-24 23:50:29','2021-11-27 15:31:45'),(35,9,21,36,'Calculating milliosmols',1,'Active','2021-11-24 23:52:23','2021-11-24 23:52:23'),(36,9,21,36,'Calculating osmolarity given mEq',1,'Active','2021-11-26 19:38:46','2021-11-27 15:32:06'),(37,9,21,36,'Calculating mass quantity given osmolarity ',1,'Active','2021-11-26 21:13:23','2021-11-26 21:13:23'),(38,9,21,36,'Calculating osmolarity given osmolality',1,'Active','2021-11-27 15:31:15','2021-11-27 15:31:53'),(39,9,21,36,'Calculating percentage strength given osmolarity ',1,'Active','2021-11-27 15:49:52','2021-11-27 15:49:52'),(40,9,21,36,'Calculating volume quantity given osmolarity ',1,'Active','2021-11-27 16:00:00','2021-11-27 16:00:00'),(41,9,21,37,'Calculating Flow Rate in mL/h',1,'Active','2022-02-12 20:22:19','2022-02-12 20:22:19'),(42,9,21,37,'Calculating Flow Rate in mL/min',1,'Active','2022-02-12 20:23:05','2022-02-12 20:23:05'),(43,9,21,37,'Calculating Flow Rate in Drops per Minute',1,'Active','2022-02-12 20:23:47','2022-02-12 20:23:47'),(44,9,21,37,'Calculating Duration of Infusion Given Flow Rate ',1,'Active','2022-02-12 20:24:31','2022-02-12 20:24:31'),(45,9,21,37,'Calculating Volume of Solution Given Flow Rate ',1,'Active','2022-02-12 20:24:59','2022-02-12 20:24:59'),(46,9,21,37,'Calculating Drug Mass Rate Given Flow Rate ',1,'Active','2022-02-12 20:25:29','2022-02-12 20:25:29'),(47,9,21,37,'Calculating Amount of Drug Given Flow Rate ',1,'Active','2022-02-12 20:25:54','2022-02-12 20:25:54'),(48,9,21,37,'Calculating Drug Concentration Given Flow Rate ',1,'Active','2022-02-12 20:26:14','2022-02-12 20:26:14');
/*!40000 ALTER TABLE `tbl_topics` ENABLE KEYS */;
UNLOCK TABLES;

--
-- Table structure for table `tbl_types`
--

DROP TABLE IF EXISTS `tbl_types`;
/*!40101 SET @saved_cs_client     = @@character_set_client */;
/*!40101 SET character_set_client = utf8 */;
CREATE TABLE `tbl_types` (
  `id` int(11) NOT NULL AUTO_INCREMENT,
  `subcategory_id` int(11) NOT NULL,
  `type_name` varchar(255) NOT NULL,
  `created_by` int(11) NOT NULL,
  `status` enum('Active','Inactive') NOT NULL,
  `created_date` datetime NOT NULL DEFAULT CURRENT_TIMESTAMP,
  `updated_date` datetime NOT NULL DEFAULT CURRENT_TIMESTAMP ON UPDATE CURRENT_TIMESTAMP,
  PRIMARY KEY (`id`)
) ENGINE=InnoDB AUTO_INCREMENT=22 DEFAULT CHARSET=latin1;
/*!40101 SET character_set_client = @saved_cs_client */;

--
-- Dumping data for table `tbl_types`
--

LOCK TABLES `tbl_types` WRITE;
/*!40000 ALTER TABLE `tbl_types` DISABLE KEYS */;
INSERT INTO `tbl_types` VALUES (1,7,'Math',1,'Active','2018-07-31 04:42:55','2018-07-31 06:56:31'),(2,7,'Reading',1,'Active','2018-07-31 04:43:04','2018-07-31 06:56:34'),(3,7,'Writing',1,'Active','2018-07-31 04:43:14','2018-07-31 06:56:36'),(4,5,'Math',1,'Active','2018-07-31 04:43:25','2018-07-31 06:56:50'),(5,5,'Reading',1,'Active','2018-07-31 04:43:38','2018-08-06 00:28:28'),(6,5,'English',1,'Active','2018-07-31 04:43:49','2018-07-31 06:56:54'),(7,5,'Science',1,'Active','2018-07-31 04:44:01','2018-07-31 06:56:56'),(8,9,'Review of Pharmaceutical Calculations Math Basics',1,'Inactive','2018-07-31 18:56:17','2020-12-20 07:43:32'),(9,9,'Patients Nutritional Needs and the Content Nutrient Sources',1,'Inactive','2018-08-29 18:24:36','2020-12-20 07:43:26'),(10,9,'Drug Concentrations, Ratio Strengths and/or Extent of Ionization',1,'Inactive','2018-08-29 18:25:18','2020-12-20 07:43:17'),(11,9,'Quantities of Medication to be Compounded, Dispensed or Administered',1,'Inactive','2018-08-29 18:26:19','2020-12-20 07:42:49'),(12,9,'Quantities of Ingredients Needed to Compound Preparations',1,'Inactive','2018-08-29 18:26:57','2020-12-20 07:42:40'),(13,9,'Rates of Administration',1,'Inactive','2018-08-29 18:27:11','2020-12-20 07:42:32'),(14,9,'baseline Quiz',1,'Inactive','2020-09-10 15:56:44','2020-09-15 23:36:02'),(15,9,'Addition',1,'Inactive','2020-09-15 18:39:13','2020-11-21 08:56:45'),(16,9,'Electrolytes',1,'Inactive','2020-09-20 20:23:41','2020-11-21 08:56:33'),(17,9,'Ratio Strength',1,'Inactive','2020-10-05 21:29:15','2020-11-21 08:56:23'),(18,9,'Comprehensive',1,'Inactive','2020-10-12 15:09:21','2020-11-21 08:56:14'),(19,9,'Advanced Resources',1,'Inactive','2020-11-08 02:56:57','2020-11-08 09:21:37'),(20,9,'Dose Conversions',1,'Inactive','2020-11-21 08:57:03','2020-12-20 07:42:18'),(21,9,'Pharmaceutical Calculations',1,'Active','2020-12-20 07:44:09','2020-12-20 07:44:09');
/*!40000 ALTER TABLE `tbl_types` ENABLE KEYS */;
UNLOCK TABLES;

--
-- Table structure for table `tbl_user_settings`
--

DROP TABLE IF EXISTS `tbl_user_settings`;
/*!40101 SET @saved_cs_client     = @@character_set_client */;
/*!40101 SET character_set_client = utf8 */;
CREATE TABLE `tbl_user_settings` (
  `id` int(11) NOT NULL AUTO_INCREMENT,
  `description` longtext NOT NULL,
  `type` varchar(255) NOT NULL,
  PRIMARY KEY (`id`)
) ENGINE=InnoDB AUTO_INCREMENT=2 DEFAULT CHARSET=utf8mb4;
/*!40101 SET character_set_client = @saved_cs_client */;

--
-- Dumping data for table `tbl_user_settings`
--

LOCK TABLES `tbl_user_settings` WRITE;
/*!40000 ALTER TABLE `tbl_user_settings` DISABLE KEYS */;
INSERT INTO `tbl_user_settings` VALUES (1,'<h2>About Us</h2>\n\n<p>DanquahPrep is a leading education provider devoted to preparing students to excel in high stakes college and licensing examinations. We are a team of experienced educators who excelled on our standardized exams and know what it takes to replicate this stellar performance among our students. We have also partnered with professionals at the top of their field with the single aim of providing practice exams at a level comparable to what is expected by the various boards.</p>\n\n<p>Our primary goal is to prepare students for the college and licensing exams so they can become whatever they dream of - nurses, pharmacists, physicians, and so on. Hence our products are designed to offer students a personalized learning experience and constantly help them overcome any academic barriers so they can attain</p>\n\n<p>&nbsp;</p>\n\n<p>DanquahPrep is a leading education provider devoted to preparing students to excel in high stakes college and licensing examinations. We are a team of experienced educators who excelled on our standardized exams and know what it takes to replicate this stellar performance among our students. We have also partnered with professionals at the top of their field with the single aim of providing practice exams at a level comparable to what is expected by the various boards.</p>\n\n<p>15941 Harlem Ave, Ste 255, Tinley Park IL 60477</p>\n\n<p>E-Mail:&nbsp;info@danquahprep.com</p>\n\n<p>Phone:&nbsp;(708) 497-9728</p>\n','help');
/*!40000 ALTER TABLE `tbl_user_settings` ENABLE KEYS */;
UNLOCK TABLES;

--
-- Table structure for table `tbl_users`
--

DROP TABLE IF EXISTS `tbl_users`;
/*!40101 SET @saved_cs_client     = @@character_set_client */;
/*!40101 SET character_set_client = utf8 */;
CREATE TABLE `tbl_users` (
  `id` int(11) NOT NULL AUTO_INCREMENT,
  `username` varchar(255) NOT NULL,
  `password` varchar(255) NOT NULL,
  `firstname` varchar(255) NOT NULL,
  `lastname` varchar(255) NOT NULL,
  `primaryaddress` text NOT NULL,
  `secondaryaddress` text NOT NULL,
  `city` varchar(255) NOT NULL,
  `country` int(11) NOT NULL,
  `state` varchar(255) NOT NULL,
  `zipcode` varchar(255) NOT NULL,
  `phone` varchar(50) NOT NULL,
  `usertype` enum('1','2','3','4') NOT NULL,
  `usercountry` int(11) NOT NULL,
  `userstate` varchar(255) NOT NULL,
  `graduationyear` varchar(255) NOT NULL,
  `schoolname` varchar(255) NOT NULL,
  `securityquestion1` int(11) NOT NULL,
  `securityanswer1` varchar(255) NOT NULL,
  `securityquestion2` int(11) NOT NULL,
  `securityanswer2` varchar(255) NOT NULL,
  `status` enum('Active','Inactive') NOT NULL,
  `reset_password` varchar(20) NOT NULL,
  `created_date` datetime NOT NULL DEFAULT CURRENT_TIMESTAMP,
  `updated_date` datetime NOT NULL DEFAULT CURRENT_TIMESTAMP ON UPDATE CURRENT_TIMESTAMP,
  PRIMARY KEY (`id`)
) ENGINE=InnoDB AUTO_INCREMENT=32 DEFAULT CHARSET=latin1;
/*!40101 SET character_set_client = @saved_cs_client */;

--
-- Dumping data for table `tbl_users`
--

LOCK TABLES `tbl_users` WRITE;
/*!40000 ALTER TABLE `tbl_users` DISABLE KEYS */;
INSERT INTO `tbl_users` VALUES (24,'info@rxcalculations.com','f62acefd8086e0be1fb4784c1f5f519e','Michael','Danquah','9501 South King Drive','','Chicago',231,'Illinois','60628','708-497-9728','2',231,'IL','2018','RxCalculations',2,'toyota',2,'UK','Active','','2020-10-07 10:29:05','2020-10-07 15:29:05'),(25,'profmd@rxcalculations.com','6f9c960ce30c235db94236be795d9ace','Michael','Danquah','15941 Harlem Ave','ste 255','Tinley Park',231,'Illinois','60477','180-070-7255','2',231,'IL','2017','RxCalculations',2,'bentley',2,'UK','Active','','2020-10-07 11:35:50','2020-10-07 16:37:02'),(27,'davidmark0772@gmail.com','202cb962ac59075b964b07152d234b70','dfd','dg','fg','dfg','dfg',16,'dfg','342','432-3__-____','2',1,'asd','','',1,'cv',1,'cv','Active','','2020-10-09 07:09:02','2020-10-15 09:03:14'),(28,'ttim@rxcalculations.com','ed65fd4f0ace2825db31ecb6e397a523','t','tim','1121 calculations avenue','','Chicago',231,'IL','60628','708-112-5864','2',231,'IL','2018','RxCalculations',2,'rolls royce',2,'UK','Active','','2020-10-12 13:43:25','2020-10-12 18:43:25'),(29,'rrobert@rxcalculations.com','a2af1f183c31a2df127538d1ed969d2d','r','robert','1151 Adams St.','','Naperville',231,'IL','60565','815-225-8512','2',231,'IL','2018','RxCalculations',2,'acura',2,'UK','Active','','2020-10-12 16:43:16','2020-10-12 21:43:16'),(30,'ericshowell388@gmail.com','25d55ad283aa400af464c76d713c07ad','Eric','Showell','test','','NewYork',231,'california','22222','111-111-1111','1',0,'','','',4,'california',1,'california','Active','','2021-11-15 11:38:54','2021-11-15 11:41:46'),(31,'studentp@brainaly.com','4f8d712a43ca9d364b33a9616d1589f8','student','p','1111 South Street','','Chicago',231,'IL','60606','234-123-3255','2',231,'IL','2019','RxCalculations University',2,'Bentley',1,'Paris','Active','','2021-11-17 20:57:33','2021-11-17 20:57:33');
/*!40000 ALTER TABLE `tbl_users` ENABLE KEYS */;
UNLOCK TABLES;

--
-- Table structure for table `tbl_usertype`
--

DROP TABLE IF EXISTS `tbl_usertype`;
/*!40101 SET @saved_cs_client     = @@character_set_client */;
/*!40101 SET character_set_client = utf8 */;
CREATE TABLE `tbl_usertype` (
  `id` int(11) NOT NULL AUTO_INCREMENT,
  `usertype` varchar(100) NOT NULL,
  `status` enum('Active','Inactive') NOT NULL,
  `created_date` datetime NOT NULL DEFAULT CURRENT_TIMESTAMP,
  `updated_date` datetime NOT NULL DEFAULT CURRENT_TIMESTAMP ON UPDATE CURRENT_TIMESTAMP,
  PRIMARY KEY (`id`)
) ENGINE=InnoDB AUTO_INCREMENT=5 DEFAULT CHARSET=latin1;
/*!40101 SET character_set_client = @saved_cs_client */;

--
-- Dumping data for table `tbl_usertype`
--

LOCK TABLES `tbl_usertype` WRITE;
/*!40000 ALTER TABLE `tbl_usertype` DISABLE KEYS */;
INSERT INTO `tbl_usertype` VALUES (1,'Medical','Active','2018-07-02 11:15:55','2018-07-02 11:15:55'),(2,'Pharmacy','Active','2018-07-02 11:15:55','2018-08-10 00:02:09'),(3,'Nursing','Active','2018-07-02 11:15:55','2018-07-02 11:15:55'),(4,'School/College','Active','2018-07-02 11:15:55','2018-07-02 11:15:55');
/*!40000 ALTER TABLE `tbl_usertype` ENABLE KEYS */;
UNLOCK TABLES;
/*!40103 SET TIME_ZONE=@OLD_TIME_ZONE */;

/*!40101 SET SQL_MODE=@OLD_SQL_MODE */;
/*!40014 SET FOREIGN_KEY_CHECKS=@OLD_FOREIGN_KEY_CHECKS */;
/*!40014 SET UNIQUE_CHECKS=@OLD_UNIQUE_CHECKS */;
/*!40101 SET CHARACTER_SET_CLIENT=@OLD_CHARACTER_SET_CLIENT */;
/*!40101 SET CHARACTER_SET_RESULTS=@OLD_CHARACTER_SET_RESULTS */;
/*!40101 SET COLLATION_CONNECTION=@OLD_COLLATION_CONNECTION */;
/*!40111 SET SQL_NOTES=@OLD_SQL_NOTES */;

-- Dump completed on 2024-01-14 12:10:44
